,Param,Cum_PnL,Sharpe,Sortino,Max Drawdown,Win Ratio
0,"[57, 30, 15]",30480.0,0.8021121858167352,0.21930225559619018,-0.28333333333334393,0.6153846153846154
1,"[53, 30, 15]",31360.0,0.8010317049393499,0.2236518616049673,-0.2761020881670613,0.627906976744186
2,"[56, 30, 15]",30600.0,0.799891150491595,0.2225386017647042,-0.2977461447212318,0.625
3,"[54, 30, 15]",30880.0,0.7929596765756994,0.21931114500802992,-0.2800000000000104,0.6341463414634146
4,"[55, 30, 15]",31440.0,0.7827805552393774,0.22342617787004324,-0.29745370370370633,0.6341463414634146
5,"[52, 30, 15]",30040.0,0.7707296804836347,0.21341573103336003,-0.2870928829915634,0.6363636363636364
6,"[58, 30, 15]",29080.0,0.7695936496169526,0.20570185806695934,-0.2956521739130563,0.631578947368421
7,"[57, 30, 14]",29080.0,0.7668373021526693,0.20950610948999357,-0.29456384323642293,0.6216216216216216
8,"[53, 30, 14]",29960.0,0.7667454374973384,0.21446237853660938,-0.2841328413284258,0.6341463414634146
9,"[56, 30, 14]",29200.0,0.7648370839257868,0.21307049575297965,-0.3198992443324961,0.631578947368421
10,"[59, 30, 15]",28840.0,0.7632694654067055,0.20400418110904794,-0.2978723404255445,0.631578947368421
11,"[54, 30, 14]",29480.0,0.7584845184145043,0.21104987325742605,-0.28838951310862965,0.6410256410256411
12,"[55, 30, 14]",30040.0,0.7492922757185967,0.2153530156141255,-0.3190184049079827,0.6410256410256411
13,"[52, 30, 14]",28640.0,0.7362418523312199,0.20447046283238626,-0.2961538461538583,0.6428571428571429
14,"[58, 30, 14]",27680.0,0.734064672786794,0.19657394750556817,-0.305555555555574,0.6388888888888888
15,"[59, 30, 14]",27440.0,0.7277268189220814,0.19486954911679177,-0.30800000000001826,0.6388888888888888
16,"[51, 30, 15]",27600.0,0.7064574966528098,0.1981358286643587,-0.3098958333333463,0.6136363636363636
17,"[53, 30, 16]",25840.0,0.6731875316293744,0.1714967598550706,-0.4072022160664941,0.6
18,"[51, 30, 14]",26200.0,0.6719291723656301,0.18845674513035307,-0.32127955493743204,0.6190476190476191
19,"[57, 30, 16]",24960.0,0.6707773818489223,0.16642358315334782,-0.4842857142857315,0.5853658536585366
20,"[56, 30, 16]",25080.0,0.6693079158281781,0.16846004322529876,-0.5120910384068293,0.5952380952380952
21,"[54, 30, 16]",25360.0,0.6643382060990984,0.16666404732375933,-0.45915492957748544,0.6046511627906976
22,"[55, 30, 16]",25920.0,0.6575459612631314,0.17034906338014077,-0.5055248618784602,0.6046511627906976
23,"[52, 30, 16]",24520.0,0.6417696772391578,0.16210522867898688,-0.40203193033382434,0.6086956521739131
24,"[58, 30, 16]",23560.0,0.6369001586763139,0.1540737918068322,-0.4781954887218272,0.6
25,"[59, 30, 16]",23320.0,0.6304382219087312,0.15250427949640627,-0.48254931714721494,0.6
26,"[53, 30, 17]",24360.0,0.6279299390943704,0.1551822083270404,-0.44683908045976045,0.6086956521739131
27,"[57, 30, 17]",23480.0,0.6239240493962407,0.14987464782143556,-0.5281899109792227,0.5952380952380952
28,"[56, 30, 17]",23600.0,0.6228411403725994,0.15165052744197516,-0.5568685376661512,0.6046511627906976
29,"[54, 30, 17]",23880.0,0.6188920097360071,0.15035809111153636,-0.501461988304092,0.6136363636363636
30,"[55, 30, 17]",24440.0,0.6137888305359014,0.15388276713018462,-0.5487106017191815,0.6136363636363636
31,"[57, 30, 10]",22720.0,0.6073041970147501,0.17410162890057967,-0.8415492957747059,0.6176470588235294
32,"[53, 30, 10]",23600.0,0.6065223408477645,0.1804297338811822,-0.7338983050847889,0.631578947368421
33,"[56, 30, 10]",22840.0,0.6063042038163862,0.17864943719964416,-0.8739054290718364,0.6285714285714286
34,"[54, 30, 10]",23120.0,0.5973868067270754,0.18145613686370624,-0.8044982698962543,0.6388888888888888
35,"[52, 30, 17]",23040.0,0.5966110753686773,0.14623688768165088,-0.43438914027147874,0.6170212765957447
36,"[55, 30, 10]",23680.0,0.5964164672168877,0.18670538446675367,-0.8530405405405791,0.6388888888888888
37,"[58, 30, 17]",22080.0,0.5890968896491106,0.13805673416059505,-0.5242566510172133,0.6097560975609756
38,"[59, 30, 17]",21840.0,0.5826456082275455,0.13655611748493665,-0.529225908372826,0.6097560975609756
39,"[51, 30, 16]",22080.0,0.576510163004503,0.14800817969253138,-0.44904458598727043,0.5869565217391305
40,"[52, 30, 10]",22280.0,0.5751938650268964,0.17079107483423234,-0.7360861759425883,0.6410256410256411
41,"[58, 30, 10]",21320.0,0.5732232060932412,0.1646442730345838,-0.8574108818011974,0.6363636363636364
42,"[53, 30, 18]",22480.0,0.5715347488899699,0.1621141248170458,-0.5738203957382055,0.6041666666666666
43,"[59, 30, 10]",21080.0,0.5667944258530178,0.16279086658391326,-0.8671726755218928,0.6363636363636364
44,"[57, 30, 18]",21600.0,0.5656293925428507,0.15712556187853738,-0.6645669291338672,0.5909090909090909
45,"[56, 30, 18]",21720.0,0.5650078480328877,0.15940459499122056,-0.6943573667711483,0.6
46,"[54, 30, 18]",22000.0,0.5622798591787063,0.1580283207343235,-0.6341085271317957,0.6086956521739131
47,"[55, 30, 18]",22560.0,0.5592026652270206,0.16210033327164858,-0.681335356600906,0.6086956521739131
48,"[53, 30, 13]",22720.0,0.5569598314138049,0.15911957950801062,-0.6703999999999967,0.6046511627906976
49,"[57, 30, 13]",21840.0,0.5548013037724522,0.1529791259073163,-0.6666666666666665,0.5897435897435898
50,"[56, 30, 13]",21960.0,0.5543736408117607,0.15565772684196943,-0.6732673267326594,0.6
51,"[50, 30, 15]",20760.0,0.5510676898320856,0.14787216835456612,-0.4120603015075187,0.5909090909090909
52,"[55, 30, 13]",22800.0,0.5487311046931505,0.16055265378725167,-0.6666666666666546,0.6097560975609756
53,"[54, 30, 13]",22240.0,0.5478635184514231,0.15632667397211908,-0.683523654159874,0.6097560975609756
54,"[52, 30, 18]",21160.0,0.5403632311248985,0.15204169048893498,-0.5673076923076885,0.6122448979591837
55,"[51, 30, 17]",20600.0,0.532171518929188,0.13274662147734628,-0.4850498338870453,0.5957446808510638
56,"[58, 30, 18]",20200.0,0.5310507003535092,0.14488617158763725,-0.6683333333333492,0.6046511627906976
57,"[53, 30, 11]",20200.0,0.5295727676307378,0.1592261152271274,-0.7843866171003742,0.6153846153846154
58,"[57, 30, 11]",19320.0,0.5276793919851306,0.15312946401749783,-0.9011627906976925,0.6
59,"[56, 30, 11]",19440.0,0.5271374351510678,0.1571739248232003,-0.9364161849710864,0.6111111111111112
60,"[52, 30, 13]",21400.0,0.526765060222115,0.14979507878932685,-0.6790540540540425,0.6136363636363636
61,"[59, 30, 18]",19960.0,0.5246998242254454,0.14316475172719031,-0.6750841750841902,0.6046511627906976
62,"[53, 30, 12]",20400.0,0.52460863349428,0.14121562065408783,-0.7734806629834015,0.625
63,"[53, 30, 19]",21880.0,0.5232774888938206,0.1454882780740131,-0.61760000000001,0.5918367346938775
64,"[44, 30, 15]",19160.0,0.5232336718454145,0.14324915358374588,-0.5547576301615622,0.5434782608695652
65,"[57, 30, 12]",19520.0,0.5221242486688148,0.13448525002540887,-0.8925143953934588,0.6111111111111112
66,"[58, 30, 13]",20440.0,0.521985744735917,0.1419718053351582,-0.7077464788732452,0.6052631578947368
67,"[56, 30, 12]",19640.0,0.5217080245419918,0.13736136699749035,-0.9274809160304892,0.6216216216216216
68,"[55, 30, 11]",20280.0,0.5206268674154619,0.1647581197391782,-0.9111111111111082,0.6216216216216216
69,"[49, 30, 15]",20320.0,0.520072357908666,0.14384785163019673,-0.4539249146757512,0.6
70,"[54, 30, 11]",19720.0,0.5198898983597682,0.15954120401160057,-0.8593155893536347,0.6216216216216216
71,"[55, 30, 12]",20480.0,0.5161279232691074,0.14382972259958904,-0.9027522935779471,0.631578947368421
72,"[59, 30, 13]",20200.0,0.5158767560814315,0.14030481740558712,-0.7153024911032074,0.6052631578947368
73,"[57, 30, 19]",21000.0,0.5154895265808871,0.14021319982673747,-0.7147595356550779,0.5777777777777777
74,"[56, 30, 19]",21120.0,0.51541677621209,0.14195026108390305,-0.7458745874587438,0.5869565217391305
75,"[50, 30, 14]",19360.0,0.5150853101238513,0.1382262080287247,-0.46532846715327,0.5952380952380952
76,"[54, 30, 12]",19920.0,0.5150297384142528,0.1394541252080625,-0.8512241054613842,0.631578947368421
77,"[54, 30, 19]",21400.0,0.5141835402173169,0.14105491672321135,-0.6818923327895828,0.5957446808510638
78,"[55, 30, 19]",21960.0,0.5135007504921973,0.14474499997171625,-0.7304625199362089,0.5957446808510638
79,"[53, 30, 20]",21280.0,0.508285394835243,0.14139166192136784,-0.6429699842022067,0.62
80,"[51, 30, 10]",19840.0,0.5059819120617446,0.15038690563899748,-0.7681451612903664,0.6153846153846154
81,"[48, 30, 15]",19720.0,0.5017997308968485,0.13952775593999636,-0.48336252189142953,0.5681818181818182
82,"[54, 30, 20]",20800.0,0.4991305725573394,0.13742929220619043,-0.7069243156199753,0.625
83,"[52, 30, 11]",18880.0,0.4973086807119952,0.14913067075123515,-0.7900990099009849,0.625
84,"[56, 30, 20]",20520.0,0.49728309442459184,0.13869784774930946,-0.7703583061889061,0.5957446808510638
85,"[57, 30, 20]",20400.0,0.4972296944289751,0.13690762323684483,-0.7397708674304453,0.5869565217391305
86,"[55, 30, 20]",21360.0,0.49702754699836255,0.14121283899871276,-0.754330708661406,0.625
87,"[52, 30, 19]",20560.0,0.4936396828811979,0.1362332163191705,-0.6131756756756803,0.6
88,"[52, 30, 12]",19080.0,0.4928959569010948,0.1323039251356864,-0.7784313725489863,0.6341463414634146
89,"[58, 30, 11]",17920.0,0.49244580187242276,0.1432621722410588,-0.9230769230769534,0.6176470588235294
90,"[44, 30, 14]",17760.0,0.4879952796118564,0.13223425461654278,-0.6259842519684926,0.5454545454545454
91,"[58, 30, 12]",18120.0,0.48752846092802393,0.12442386917917653,-0.9135802469135743,0.6285714285714286
92,"[49, 30, 14]",18920.0,0.48648210224427596,0.1348165141017928,-0.5121042830539925,0.6046511627906976
93,"[59, 30, 11]",17680.0,0.48587324860899694,0.14134348243425915,-0.9347368421052922,0.6176470588235294
94,"[58, 30, 19]",19600.0,0.4828525127617156,0.12865976373512356,-0.7218309859155215,0.5909090909090909
95,"[59, 30, 12]",17880.0,0.4810926126097434,0.12277587091190292,-0.924999999999992,0.6285714285714286
96,"[52, 30, 20]",19960.0,0.47862484964819524,0.13231834269431175,-0.6399999999999887,0.6274509803921569
97,"[51, 30, 18]",18720.0,0.4769630667448734,0.13573193193029787,-0.5541740674955632,0.5918367346938775
98,"[59, 30, 19]",19360.0,0.47691175810926983,0.1270843380567345,-0.7295373665480707,0.5909090909090909
99,"[48, 30, 14]",18320.0,0.4683088755045416,0.13002360145293174,-0.5268199233716315,0.5714285714285714
100,"[58, 30, 20]",19000.0,0.4647477155155407,0.12554395348453015,-0.7482638888889,0.6
101,"[51, 30, 13]",18960.0,0.4615460152055201,0.13313518026798582,-0.7853107344632813,0.5909090909090909
102,"[59, 30, 20]",18760.0,0.4588505571563315,0.1239581351247258,-0.7561403508772032,0.6
103,"[51, 30, 19]",18120.0,0.4341803620536035,0.12155882944845227,-0.612052730696815,0.58
104,"[51, 30, 11]",16440.0,0.42757775380679547,0.12833238463968438,-0.9459459459459632,0.6
105,"[51, 30, 12]",16640.0,0.4246455749194668,0.11517011337473891,-0.9109131403117938,0.6097560975609756
106,"[51, 30, 20]",17520.0,0.4220081117418175,0.11729008948959595,-0.6252319109462025,0.6078431372549019
107,"[50, 30, 16]",15240.0,0.4167310410732686,0.10527621888601775,-0.7571115973741644,0.5652173913043478
108,"[49, 30, 16]",14800.0,0.38937282580422306,0.10137436657273557,-0.7533632286995426,0.574468085106383
109,"[47, 30, 15]",14400.0,0.3819711324438648,0.10406275159541825,-0.7305936073059321,0.5333333333333333
110,"[44, 30, 16]",13640.0,0.3746009474226168,0.09677942579496973,-0.9088729016786428,0.5208333333333334
111,"[45, 30, 15]",13960.0,0.37251999165139654,0.10455720626354999,-0.8313817330211181,0.5217391304347826
112,"[50, 30, 17]",13760.0,0.37190869225207396,0.09135338044991896,-0.8422273781901934,0.574468085106383
113,"[48, 30, 16]",14200.0,0.3713111391839664,0.09758274912090394,-0.7795823665893097,0.5434782608695652
114,"[50, 30, 10]",13000.0,0.34691318507329494,0.09722216545381575,-1.4923076923077467,0.5897435897435898
115,"[49, 30, 17]",13320.0,0.3466788848860723,0.08771757826191505,-0.8404761904761344,0.5833333333333334
116,"[47, 30, 14]",13000.0,0.3465586360087231,0.09397730210860011,-0.830334190231374,0.5348837209302325
117,"[46, 30, 15]",12880.0,0.345279061759079,0.0921164769148957,-0.9325000000001024,0.5333333333333333
118,"[45, 30, 14]",12560.0,0.33714287691507855,0.0938902315331313,-0.9470899470900149,0.5227272727272727
119,"[44, 30, 17]",12160.0,0.3324099292653779,0.08323448168551505,-0.9948849104858917,0.5306122448979592
120,"[48, 30, 17]",12720.0,0.32840219531291925,0.0841945827031486,-0.8617283950616575,0.5531914893617021
121,"[49, 30, 10]",12560.0,0.32074986464297844,0.09535359151004774,-1.585987261146594,0.6
122,"[50, 30, 18]",11880.0,0.31368742287761575,0.08531059736134701,-1.094387755101999,0.5714285714285714
123,"[44, 30, 10]",11400.0,0.3110821199948941,0.08593214856731897,-1.677192982456199,0.5365853658536586
124,"[46, 30, 14]",11480.0,0.30932194552362413,0.082040922351275,-1.0712250712252187,0.5348837209302325
125,"[50, 30, 13]",12120.0,0.30742995444070687,0.08466527024476878,-1.25277777777773,0.5681818181818182
126,"[53, 30, 21]",12560.0,0.3053769234052386,0.0809702428659231,-1.0350877192982941,0.6078431372549019
127,"[48, 30, 10]",11960.0,0.30367410525877564,0.08889142045502207,-1.6688963210703125,0.5641025641025641
128,"[55, 30, 21]",12640.0,0.2991138928029348,0.0811657125837438,-1.1877729257642327,0.6122448979591837
129,"[54, 30, 21]",12080.0,0.29512490725729457,0.0775081413338401,-1.135135135135212,0.6122448979591837
130,"[49, 30, 18]",11440.0,0.29136295665154077,0.08162029188339354,-1.099737532808366,0.58
131,"[56, 30, 21]",11800.0,0.2912438442545588,0.07701240799760435,-1.2311212814645631,0.5833333333333334
132,"[57, 30, 21]",11680.0,0.29001004909308636,0.07571100009983811,-1.191244239631411,0.574468085106383
133,"[49, 30, 13]",11680.0,0.28704564625766626,0.08189643497951955,-1.3495702005730281,0.5777777777777777
134,"[44, 30, 18]",10280.0,0.28163627685946396,0.07718197032179237,-1.1619318181817835,0.5294117647058824
135,"[50, 30, 19]",11280.0,0.27967361418269476,0.07620955295785074,-1.216666666666645,0.56
136,"[44, 30, 13]",10520.0,0.27615373852156905,0.07544265259965831,-1.6062499999999418,0.5217391304347826
137,"[52, 30, 21]",11240.0,0.27440066780718875,0.07236213503421705,-1.0614657210402307,0.6153846153846154
138,"[48, 30, 18]",10840.0,0.27395684943370435,0.07733841294803925,-1.1366120218578821,0.5510204081632653
139,"[48, 30, 13]",11080.0,0.27085192805281794,0.07720178600282984,-1.410179640718503,0.5454545454545454
140,"[50, 30, 20]",10680.0,0.26509761098184303,0.0724989823714226,-1.247282608695595,0.5882352941176471
141,"[50, 30, 11]",9600.0,0.2617729469591649,0.07381671293909729,-1.7289377289376635,0.575
142,"[50, 30, 12]",9800.0,0.2617201786308352,0.06746557942225367,-1.697841726618553,0.5853658536585366
143,"[49, 30, 19]",10840.0,0.2612605333541675,0.07269599597781184,-1.2349570200573012,0.5686274509803921
144,"[58, 30, 21]",10280.0,0.25653042065796827,0.0657171362960738,-1.2431077694236587,0.5869565217391305
145,"[43, 30, 15]",9120.0,0.25571975752788273,0.0706011401169891,-1.2679738562092437,0.5306122448979592
146,"[59, 30, 21]",10040.0,0.2505509506106288,0.06418288408682703,-1.2620865139950102,0.5869565217391305
147,"[44, 30, 19]",9680.0,0.24713055870953016,0.06768640705122601,-1.3187499999999936,0.5192307692307693
148,"[49, 30, 20]",10240.0,0.24700400388816296,0.06929792982728689,-1.2661064425769886,0.5961538461538461
149,"[48, 30, 19]",10240.0,0.2451367034298529,0.06893920053250005,-1.2934131736526708,0.54
150,"[47, 30, 16]",8880.0,0.2426615422627535,0.062457564923153484,-1.3456375838925847,0.5106382978723404
151,"[49, 30, 12]",9360.0,0.24138672454933968,0.06515401137187006,-1.8164794007489466,0.5952380952380952
152,"[49, 30, 11]",9160.0,0.24085364983407198,0.07138614385234889,-1.851145038167917,0.5853658536585366
153,"[48, 30, 20]",9640.0,0.23096195939553932,0.06527805116613074,-1.324561403508708,0.5686274509803921
154,"[44, 30, 20]",9080.0,0.23002989033488955,0.06309450276532363,-1.2835365853658252,0.5471698113207547
155,"[44, 30, 12]",8200.0,0.22750998567594247,0.057523666368915746,-2.1260504201679047,0.5348837209302325
156,"[44, 30, 11]",8000.0,0.2270142311314776,0.06178206900811671,-2.218884120171604,0.5238095238095238
157,"[45, 30, 16]",8440.0,0.2264568213271297,0.060148278042255254,-1.5191637630662607,0.5
158,"[48, 30, 12]",8760.0,0.22459201883054825,0.060269909468520934,-1.928571428571262,0.5609756097560976
159,"[48, 30, 11]",8560.0,0.22370940376785123,0.06529313112960972,-1.9676113360323255,0.55
160,"[43, 30, 14]",7720.0,0.21761273348138907,0.05967690597215913,-1.5214007782102814,0.5319148936170213
161,"[51, 30, 21]",8800.0,0.2158476606057461,0.057140681866155583,-1.110497237569154,0.5961538461538461
162,"[46, 30, 16]",7360.0,0.20339843628852675,0.05132444169309494,-1.7461538461540402,0.5106382978723404
163,"[47, 30, 17]",7400.0,0.20106322730185572,0.05023066000430594,-1.536764705882216,0.5208333333333334
164,"[45, 30, 17]",6960.0,0.1857873114109649,0.0479018842101806,-1.7356321839080082,0.5102040816326531
165,"[47, 30, 10]",6640.0,0.1763366557228795,0.04937822124509847,-3.4216867469882226,0.525
166,"[45, 30, 10]",6200.0,0.1673842828104663,0.046120815860255696,-3.8903225806458535,0.5121951219512195
167,"[53, 30, 22]",7160.0,0.16659297646317395,0.0468062306657801,-1.8214285714285718,0.5185185185185185
168,"[55, 30, 22]",7240.0,0.16432010486110704,0.046918643424149614,-2.0419354838709425,0.5192307692307693
169,"[46, 30, 17]",5880.0,0.1616135399781728,0.03959684667597921,-2.0128205128206167,0.5208333333333334
170,"[54, 30, 22]",6680.0,0.1561126005148516,0.04330125654553663,-2.003378378378436,0.5192307692307693
171,"[56, 30, 22]",6400.0,0.15097268854002868,0.042581841128138495,-2.1695501730103324,0.49019607843137253
172,"[57, 30, 22]",6280.0,0.1489526712452425,0.041612559175641606,-2.0753424657534496,0.48
173,"[47, 30, 13]",5760.0,0.14676809394676169,0.04063033926530983,-2.4278606965172984,0.5111111111111111
174,"[47, 30, 18]",5520.0,0.14649161368049773,0.040114898879721195,-2.0815450643776066,0.52
175,"[46, 30, 10]",5120.0,0.13841790045415694,0.037511721293497675,-4.851562500001549,0.525
176,"[45, 30, 13]",5320.0,0.13827645816807582,0.037817719119830666,-2.7000000000000446,0.5
177,"[52, 30, 22]",5840.0,0.13639100819550087,0.038057751644650493,-1.9563636363636097,0.5272727272727272
178,"[45, 30, 18]",5080.0,0.13589180679903667,0.03820351385156278,-2.342342342342426,0.5098039215686274
179,"[47, 30, 19]",4920.0,0.12295459060860014,0.03385957519690442,-2.4925373134328166,0.5098039215686274
180,"[58, 30, 22]",4880.0,0.11627872901863409,0.031889805443738956,-2.3306772908367646,0.4897959183673469
181,"[45, 30, 19]",4480.0,0.11202854622849366,0.03144541921254519,-2.821052631579161,0.5
182,"[59, 30, 22]",4640.0,0.11056427783461434,0.030321454356341995,-2.3877551020409227,0.4897959183673469
183,"[46, 30, 13]",4240.0,0.10982442983271462,0.029587608984458558,-3.2024539877304514,0.5111111111111111
184,"[47, 30, 20]",4320.0,0.10781138734196702,0.029803194911599974,-2.4976076555022724,0.5384615384615384
185,"[46, 30, 18]",4000.0,0.1073258135901213,0.02880483711620565,-2.758974358974695,0.52
186,"[43, 30, 16]",3600.0,0.10156331254303287,0.02640914588651417,-2.8253012048194988,0.5098039215686274
187,"[45, 30, 20]",3880.0,0.09556033678529863,0.027160560021437293,-2.8131313131314,0.5283018867924528
188,"[47, 30, 12]",3440.0,0.09233535139357316,0.02386870865043267,-4.663865546217838,0.5238095238095238
189,"[47, 30, 11]",3240.0,0.08881628570701024,0.02468038982076193,-4.868421052631344,0.5121951219512195
190,"[46, 30, 19]",3400.0,0.08579688741271774,0.023221925901000976,-3.3987730061355856,0.5098039215686274
191,"[45, 30, 12]",3000.0,0.082324125573167,0.0208864043920299,-5.462962962962856,0.5116279069767442
192,"[51, 30, 22]",3400.0,0.0797509681863457,0.02240077070253962,-2.294392523364588,0.509090909090909
193,"[45, 30, 11]",2800.0,0.07854601700590218,0.02131485462239114,-5.728155339806302,0.5
194,"[46, 30, 20]",2800.0,0.0702251573810313,0.019261453400970525,-3.3625730994156307,0.5192307692307693
195,"[43, 30, 17]",2120.0,0.05967587325874777,0.015012798700933755,-3.4714285714285564,0.5192307692307693
196,"[46, 30, 12]",1920.0,0.05248499099819708,0.01315917568265485,-7.5061728395072285,0.5238095238095238
197,"[50, 30, 21]",1960.0,0.0495281860190683,0.012824863162479617,-2.7434554973822802,0.5769230769230769
198,"[46, 30, 11]",1720.0,0.048056036487463295,0.012910244251465178,-8.000000000002267,0.5121951219512195
199,"[43, 30, 10]",1360.0,0.03824838312526854,0.010683850601756225,-18.705882352956138,0.5227272727272727
200,"[49, 30, 21]",1520.0,0.037288440397496514,0.009941582031901593,-2.8833333333335025,0.5849056603773585
201,"[42, 30, 15]",1240.0,0.0344915748428601,0.010201992147976298,-5.798165137614925,0.48
202,"[55, 30, 23]",1360.0,0.030881422605705002,0.009036014037050646,-2.939516129032257,0.49122807017543857
203,"[53, 30, 23]",1280.0,0.0294223881317909,0.008568510974299162,-3.0416666666667114,0.4915254237288136
204,"[48, 30, 21]",920.0,0.022448136419353455,0.006020348513893975,-3.1515151515152615,0.5576923076923077
205,"[54, 30, 23]",800.0,0.018468522418030098,0.005317057684336815,-2.680933852140182,0.49122807017543857
206,"[43, 30, 13]",480.0,0.012902668176128717,0.0035690854305094567,-8.057971014493647,0.5102040816326531
207,"[56, 30, 23]",520.0,0.012340520144587412,0.0035099879611585933,-3.050632911392376,0.48214285714285715
208,"[57, 30, 23]",400.0,0.009545306707428002,0.0026894644024478467,-2.4041095890411346,0.4727272727272727
209,"[44, 30, 21]",360.0,0.00928685288220316,0.0024148560444260552,-3.066225165563033,0.5370370370370371
210,"[43, 30, 18]",240.0,0.006771940273697903,0.001857850346145307,-5.47524752475307,0.5185185185185185
211,"[52, 30, 23]",-40.0,-0.0009228372196076449,-0.00026696016196695727,-3.842424242424274,0.5
212,"[42, 30, 14]",-160.0,-0.004473909323034322,-0.0013179670783315775,-10.583333333335041,0.4791666666666667
213,"[43, 30, 19]",-360.0,-0.009409657232806273,-0.0025956329953382754,-8.246376811596294,0.509090909090909
214,"[58, 30, 23]",-1000.0,-0.023974767973915585,-0.006644495134375481,-3.067567567567691,0.48148148148148145
215,"[43, 30, 20]",-960.0,-0.02489358071290186,-0.006895612235207707,-7.662337662338699,0.5357142857142857
216,"[59, 30, 23]",-1240.0,-0.029729945322869194,-0.008239173966624484,-3.1674418604652868,0.48148148148148145
217,"[43, 30, 12]",-1840.0,-0.05242999464811392,-0.013444261168506702,-622.999999997713,0.5217391304347826
218,"[51, 30, 23]",-2480.0,-0.05628799589147793,-0.016708946240380065,-7.525641025641813,0.48333333333333334
219,"[43, 30, 11]",-2040.0,-0.05952779994171219,-0.016376716073981546,-622.9999999977222,0.5111111111111111
220,"[50, 30, 22]",-3440.0,-0.08289430964693274,-0.02276335278703889,-10.216666666667306,0.4909090909090909
221,"[49, 30, 22]",-3880.0,-0.09200716427820246,-0.025345948464191255,-19.56249999999816,0.5178571428571429
222,"[48, 30, 22]",-4480.0,-0.10570258055919142,-0.029393266112061386,-36.88235294116022,0.4909090909090909
223,"[47, 30, 21]",-4400.0,-0.11133091324404713,-0.02929254069290803,-18.40625000000379,0.5283018867924528
224,"[42, 30, 16]",-4280.0,-0.1197889197334408,-0.03321894773020169,0.0,0.46153846153846156
225,"[45, 30, 21]",-4840.0,-0.12134306442783603,-0.0327774899537101,-29.714285714312872,0.5185185185185185
226,"[44, 30, 22]",-5040.0,-0.12614451745089272,-0.03416133903237896,-189.99999999958226,0.47368421052631576
227,"[41, 30, 15]",-5600.0,-0.14404593327233345,-0.0351412137584567,0.0,0.5094339622641509
228,"[46, 30, 21]",-5920.0,-0.15051769444576663,-0.03930152334055214,0.0,0.5094339622641509
229,"[42, 30, 17]",-5760.0,-0.16055827371813605,-0.04316328858875585,0.0,0.4716981132075472
230,"[41, 30, 14]",-7000.0,-0.18036584624808463,-0.04371129696336886,0.0,0.5098039215686274
231,"[55, 30, 24]",-8520.0,-0.18309855853723167,-0.05990126053163625,-3.9288888888887707,0.3968253968253968
232,"[42, 30, 10]",-6520.0,-0.18429377482901801,-0.05333901958326853,0.0,0.4666666666666667
233,"[53, 30, 24]",-8600.0,-0.18699694038339915,-0.06068051094537302,-4.207253886010285,0.390625
234,"[54, 30, 24]",-9080.0,-0.19804287953327554,-0.06387659442330572,-3.6068376068376446,0.3968253968253968
235,"[42, 30, 13]",-7400.0,-0.19983777122300214,-0.057262210040415075,0.0,0.46
236,"[56, 30, 24]",-9360.0,-0.2092281150655989,-0.06692135944742945,-4.102803738317594,0.3870967741935484
237,"[57, 30, 24]",-9480.0,-0.2129518184426015,-0.06758956780550547,-3.1858736059479185,0.3770491803278688
238,"[42, 30, 18]",-7640.0,-0.21347274341539121,-0.06242328605437279,0.0,0.4727272727272727
239,"[42, 30, 19]",-8240.0,-0.2136063592117102,-0.06260605474349033,0.0,0.4642857142857143
240,"[52, 30, 24]",-9920.0,-0.2164148865901132,-0.06975898629681947,-5.556338028168845,0.4
241,"[50, 30, 23]",-9320.0,-0.21983478551677746,-0.06200853125639709,-11.816666666667484,0.4666666666666667
242,"[42, 30, 20]",-8840.0,-0.22555251194044582,-0.06711551544432681,0.0,0.49122807017543857
243,"[49, 30, 23]",-9760.0,-0.2267985162675556,-0.06406430906323217,-180.49999999995958,0.4918032786885246
244,"[47, 30, 22]",-9800.0,-0.2392070914809839,-0.06554390684479564,0.0,0.4642857142857143
245,"[48, 30, 23]",-10360.0,-0.23958373666720265,-0.06829373195172703,0.0,0.4666666666666667
246,"[58, 30, 24]",-10880.0,-0.24559808872991679,-0.07682952269747693,-3.869369369369442,0.38333333333333336
247,"[45, 30, 22]",-10240.0,-0.24950448312337264,-0.0696720897077594,0.0,0.45614035087719296
248,"[59, 30, 24]",-11120.0,-0.2510392721735526,-0.07852429158050929,-3.9953488372094306,0.38333333333333336
249,"[43, 30, 21]",-9680.0,-0.2553785615907862,-0.06709479779445249,-656.9999999976025,0.5263157894736842
250,"[51, 30, 24]",-12360.0,-0.2657375305887269,-0.08763336065877947,-13.490909090910064,0.38461538461538464
251,"[44, 30, 23]",-10920.0,-0.274620917264193,-0.07593191639511837,0.0,0.4426229508196721
252,"[46, 30, 22]",-11320.0,-0.27756146832840844,-0.07576317837791967,0.0,0.44642857142857145
253,"[42, 30, 12]",-9720.0,-0.2784271072593127,-0.07408628677814653,0.0,0.46808510638297873
254,"[41, 30, 16]",-11120.0,-0.28757605875640907,-0.06845553605678435,0.0,0.4909090909090909
255,"[42, 30, 11]",-9920.0,-0.2910708998283385,-0.08267807586423523,0.0,0.45652173913043476
256,"[40, 30, 15]",-11720.0,-0.2987501328795437,-0.07872439209239843,0.0,0.4576271186440678
257,"[41, 30, 17]",-12600.0,-0.32510684442822296,-0.07583074014516346,0.0,0.5
258,"[40, 30, 14]",-13120.0,-0.3350536523995958,-0.08774808879467015,0.0,0.45614035087719296
259,"[41, 30, 10]",-13360.0,-0.3607401154105294,-0.0901962890305205,0.0,0.5
260,"[41, 30, 19]",-15080.0,-0.36389676170135477,-0.09261359313029503,0.0,0.4915254237288136
261,"[41, 30, 13]",-14240.0,-0.36502095866802875,-0.09374409622231733,0.0,0.49056603773584906
262,"[41, 30, 20]",-15680.0,-0.3675402689784458,-0.09207577459487677,0.0,0.5166666666666667
263,"[55, 30, 25]",-18160.0,-0.36810435756241716,-0.12379602870183735,-4.967741935483959,0.3382352941176471
264,"[53, 30, 25]",-18240.0,-0.37359717110191165,-0.1248484768754438,-5.437837837838035,0.3333333333333333
265,"[41, 30, 18]",-14480.0,-0.3743940115737982,-0.09256937797483154,0.0,0.5
266,"[47, 30, 23]",-15680.0,-0.3762294436831581,-0.10400678722061099,0.0,0.45
267,"[43, 30, 22]",-15080.0,-0.3834901758709447,-0.1049261147500424,-763.9999999972032,0.4666666666666667
268,"[54, 30, 25]",-18720.0,-0.3844804201955484,-0.12768422630608733,-4.592920353982569,0.3382352941176471
269,"[56, 30, 25]",-19000.0,-0.3988039751712215,-0.13135799721195104,-5.203883495145686,0.3283582089552239
270,"[52, 30, 25]",-19560.0,-0.4018219769438398,-0.13350074662044037,-7.335820895522662,0.34285714285714286
271,"[57, 30, 25]",-19120.0,-0.4030607989079493,-0.13191219127762252,-4.026819923371778,0.3181818181818182
272,"[45, 30, 23]",-16120.0,-0.4055176454309776,-0.11076305840478794,0.0,0.4426229508196721
273,"[46, 30, 23]",-17200.0,-0.42090794211029814,-0.11347195798466064,0.0,0.45
274,"[50, 30, 24]",-19200.0,-0.4273001555284478,-0.13444070962189755,-23.351351351351973,0.36923076923076925
275,"[49, 30, 24]",-19640.0,-0.43131032026462224,-0.13547415578066724,-224.99999999994537,0.3939393939393939
276,"[58, 30, 25]",-20520.0,-0.4339121002217931,-0.1403657481834102,-4.779279279279492,0.3230769230769231
277,"[59, 30, 25]",-20760.0,-0.4389863374065687,-0.14200745284052574,-4.934883720930517,0.3230769230769231
278,"[40, 30, 16]",-17240.0,-0.4391756748014432,-0.11318920634916922,0.0,0.4426229508196721
279,"[48, 30, 24]",-20240.0,-0.44297353922896493,-0.14020684730997168,0.0,0.36923076923076925
280,"[51, 30, 25]",-22000.0,-0.44614135281794043,-0.15128618392961496,-19.91489361702613,0.32857142857142857
281,"[41, 30, 12]",-16560.0,-0.44752199498293854,-0.10710288155548248,0.0,0.5
282,"[42, 30, 21]",-17560.0,-0.4563164165929405,-0.12843072083912493,0.0,0.4827586206896552
283,"[41, 30, 11]",-16760.0,-0.462699312684671,-0.11537246920618802,0.0,0.4897959183673469
284,"[40, 30, 17]",-18720.0,-0.47588588969739515,-0.12036294322889465,0.0,0.45161290322580644
285,"[44, 30, 24]",-20800.0,-0.48756894353368024,-0.1511856823003666,0.0,0.36363636363636365
286,"[40, 30, 20]",-21800.0,-0.5101654162009801,-0.13607677874716406,0.0,0.4696969696969697
287,"[40, 30, 19]",-21200.0,-0.510949117996804,-0.13849031986018204,0.0,0.4461538461538462
288,"[40, 30, 13]",-20360.0,-0.5172567361334399,-0.14218704980777558,0.0,0.4406779661016949
289,"[40, 30, 10]",-19480.0,-0.5208310148005106,-0.13953933868733465,0.0,0.4444444444444444
290,"[40, 30, 18]",-20600.0,-0.5276767744896038,-0.1399118290483728,0.0,0.453125
291,"[43, 30, 23]",-20960.0,-0.5356155738973367,-0.1490674453427405,-859.9999999968541,0.4375
292,"[42, 30, 22]",-22960.0,-0.5757879996901168,-0.16705425727167958,0.0,0.4262295081967213
293,"[47, 30, 24]",-25560.0,-0.5762381520526496,-0.17791335888989598,0.0,0.35384615384615387
294,"[41, 30, 21]",-24400.0,-0.5803973896097181,-0.14124863818355546,0.0,0.5081967213114754
295,"[50, 30, 25]",-28840.0,-0.6017442818662856,-0.1952290410292585,-36.48275862069991,0.3142857142857143
296,"[49, 30, 25]",-29280.0,-0.6057526653053185,-0.1947117534969933,-275.4999999999402,0.3380281690140845
297,"[40, 30, 12]",-22680.0,-0.6062077705718638,-0.15594073337900113,0.0,0.44642857142857145
298,"[45, 30, 24]",-26000.0,-0.6104013923249946,-0.1876073623489801,0.0,0.3484848484848485
299,"[48, 30, 25]",-29880.0,-0.6153731943020758,-0.1996332000619858,0.0,0.3142857142857143
300,"[46, 30, 24]",-27080.0,-0.6211054753379016,-0.1877144184998797,0.0,0.35384615384615387
301,"[40, 30, 11]",-22880.0,-0.6244546595823061,-0.1664280058560287,0.0,0.43636363636363634
302,"[44, 30, 25]",-30440.0,-0.6769139008853498,-0.21595508982964107,0.0,0.30985915492957744
303,"[41, 30, 22]",-29800.0,-0.680073195973738,-0.17714621040589557,0.0,0.4375
304,"[40, 30, 21]",-30520.0,-0.7229475520633104,-0.18736543059919866,0.0,0.4626865671641791
305,"[43, 30, 24]",-30840.0,-0.7323732593070159,-0.22806419972226505,-1037.9999999961838,0.36231884057971014
306,"[42, 30, 23]",-28840.0,-0.7446330524582508,-0.20874404894404086,0.0,0.4153846153846154
307,"[47, 30, 25]",-35200.0,-0.7484588166769924,-0.23629726356580932,0.0,0.3
308,"[46, 30, 25]",-36720.0,-0.7930431543676337,-0.24573205023264086,0.0,0.3
309,"[45, 30, 25]",-35640.0,-0.7932628013333792,-0.25141978671216586,0.0,0.29577464788732394
310,"[40, 30, 22]",-35920.0,-0.8185195093450792,-0.22500108162215882,0.0,0.4
311,"[55, 30, 26]",-47960.0,-0.8768904935407411,-0.2812722360143118,-8.430851063830005,0.2916666666666667
312,"[53, 30, 26]",-48040.0,-0.8787893653739811,-0.2816918801844685,-9.641025641026093,0.3013698630136986
313,"[41, 30, 23]",-35680.0,-0.8894798523963374,-0.2443617971232169,0.0,0.39705882352941174
314,"[54, 30, 26]",-48520.0,-0.8898108570549405,-0.2845844950213765,-7.842639593909176,0.2916666666666667
315,"[52, 30, 26]",-49360.0,-0.9051179114936975,-0.28911291892832003,-14.104761904762675,0.3108108108108108
316,"[43, 30, 25]",-40480.0,-0.9112254459922883,-0.2914461298946323,-1239.9999999954673,0.3108108108108108
317,"[56, 30, 26]",-48800.0,-0.9208642106788921,-0.2879535444996355,-8.92090395480243,0.28169014084507044
318,"[57, 30, 26]",-48920.0,-0.9263606321594867,-0.28813198540600543,-6.715517241379578,0.2714285714285714
319,"[51, 30, 26]",-51800.0,-0.9287587253246838,-0.30522844485649653,-62.56521739133724,0.2972972972972973
320,"[42, 30, 24]",-38720.0,-0.9298162615373554,-0.2909429607607856,0.0,0.32857142857142857
321,"[58, 30, 26]",-50320.0,-0.9576365057032534,-0.29431720764449165,-7.138392857143345,0.2753623188405797
322,"[59, 30, 26]",-50560.0,-0.9623804948904228,-0.29572094631370194,-7.3686635944706556,0.2753623188405797
323,"[40, 30, 23]",-41800.0,-1.0343128092275982,-0.2999259881052534,0.0,0.3783783783783784
324,"[41, 30, 24]",-45560.0,-1.0607833641616762,-0.3253639407242843,0.0,0.3150684931506849
325,"[50, 30, 26]",-58640.0,-1.0867840946594691,-0.3429045117571301,-312.20000000056734,0.28378378378378377
326,"[49, 30, 26]",-59080.0,-1.0897911280065349,-0.34132787378603213,-407.2499999999121,0.30666666666666664
327,"[42, 30, 25]",-48360.0,-1.0981641395124526,-0.3534100724254069,0.0,0.28
328,"[48, 30, 26]",-59680.0,-1.1001540573646829,-0.34615541010213974,0.0,0.28378378378378377
329,"[44, 30, 26]",-60240.0,-1.1757762295467242,-0.3641065373317555,0.0,0.26666666666666666
330,"[40, 30, 24]",-51680.0,-1.1930251188893344,-0.38160944710316275,0.0,0.31645569620253167
331,"[41, 30, 25]",-55200.0,-1.2155795333949022,-0.3883428051265029,0.0,0.2692307692307692
332,"[47, 30, 26]",-65000.0,-1.2212210568939594,-0.37886458400706813,0.0,0.2702702702702703
333,"[46, 30, 26]",-66520.0,-1.2759707358760481,-0.38670398008867507,0.0,0.2702702702702703
334,"[45, 30, 26]",-65440.0,-1.3007958830306523,-0.39496564414375396,0.0,0.25333333333333335
335,"[40, 30, 25]",-61320.0,-1.3365808412506546,-0.43832269961510495,0.0,0.2839506172839506
336,"[55, 30, 27]",-82720.0,-1.367954344953891,-0.4143471798735315,-15.993103448277367,0.2926829268292683
337,"[43, 30, 26]",-70280.0,-1.3787867772365618,-0.43245620895506076,-1783.9999999934792,0.2597402597402597
338,"[53, 30, 27]",-82800.0,-1.3873630088544997,-0.41619687264026356,-19.796460176994028,0.2891566265060241
339,"[56, 30, 27]",-83560.0,-1.3946056527966992,-0.42529924830561355,-17.261194029852355,0.2682926829268293
340,"[54, 30, 27]",-83280.0,-1.3975398596301276,-0.4171230391284756,-14.798701298703422,0.2926829268292683
341,"[57, 30, 27]",-83680.0,-1.4004356748968259,-0.4253269443353409,-12.126984126985244,0.25925925925925924
342,"[52, 30, 27]",-84120.0,-1.4121516842767985,-0.42265849416865947,-35.70967741936374,0.2976190476190476
343,"[58, 30, 27]",-85080.0,-1.4308371374537774,-0.429878722148186,-12.267015706807271,0.2625
344,"[59, 30, 27]",-85320.0,-1.4351887177018592,-0.43109135606115667,-12.733695652175165,0.2625
345,"[51, 30, 27]",-86560.0,-1.4559706619728483,-0.43726127629638584,-548.9999999998815,0.2857142857142857
346,"[42, 30, 26]",-78160.0,-1.5727792338750444,-0.4853061993801785,0.0,0.24358974358974358
347,"[50, 30, 27]",-93400.0,-1.5898127847494736,-0.472496135311585,-584.7499999998718,0.27380952380952384
348,"[49, 30, 27]",-93840.0,-1.5902490939642961,-0.4706113490288131,-601.2499999998665,0.29411764705882354
349,"[48, 30, 27]",-94440.0,-1.601551106522293,-0.4754761431063598,0.0,0.27380952380952384
350,"[44, 30, 27]",-95000.0,-1.642696178408705,-0.4867476816764874,0.0,0.25882352941176473
351,"[47, 30, 27]",-99760.0,-1.699251726383418,-0.5074805343434542,0.0,0.25
352,"[45, 30, 27]",-100200.0,-1.7139239806507263,-0.5181193830080549,0.0,0.23529411764705882
353,"[41, 30, 26]",-85000.0,-1.7251011188677823,-0.5361157326454651,0.0,0.2222222222222222
354,"[46, 30, 27]",-101280.0,-1.7271003559240417,-0.5167923884031855,0.0,0.23809523809523808
355,"[43, 30, 27]",-105040.0,-1.8189015620128721,-0.5449161190266304,-2626.999999990388,0.26436781609195403
356,"[40, 30, 26]",-91120.0,-1.8302929926958744,-0.5849682733455231,0.0,0.23809523809523808
357,"[42, 30, 27]",-112920.0,-1.9471348950844993,-0.5990635368125031,0.0,0.22727272727272727
358,"[41, 30, 27]",-119760.0,-1.960828092619185,-0.6066836423593156,0.0,0.21978021978021978
359,"[40, 30, 27]",-125880.0,-2.044176319039127,-0.6378333530509298,0.0,0.21739130434782608
360,"[55, 30, 28]",-220480.0,-2.2267728164635723,-0.7361463462770048,-52.03703703703686,0.16842105263157894
361,"[56, 30, 28]",-221320.0,-2.240037423851625,-0.7423144789332121,-71.93589743589254,0.15789473684210525
362,"[53, 30, 28]",-220560.0,-2.2427634058058055,-0.7360763940632512,-71.69230769230697,0.16666666666666666
363,"[57, 30, 28]",-221440.0,-2.2430873512205065,-0.7420701176813891,-37.90666666666723,0.14893617021276595
364,"[54, 30, 28]",-221040.0,-2.248631883302893,-0.7357000420473307,-48.637931034483856,0.16842105263157894
365,"[52, 30, 28]",-221880.0,-2.2578467663810726,-0.740812181237084,-192.27586206893207,0.17525773195876287
366,"[58, 30, 28]",-222840.0,-2.2596011490930734,-0.7466964639884526,-33.20231213872935,0.14893617021276595
367,"[59, 30, 28]",-223080.0,-2.262282995467689,-0.7475006605032489,-34.59638554217032,0.14893617021276595
368,"[51, 30, 28]",-224320.0,-2.2907448252354903,-0.7492519067666299,-1402.999999999703,0.17525773195876287
369,"[49, 30, 28]",-231600.0,-2.3652362985620456,-0.774251090271983,-1448.4999999996905,0.1836734693877551
370,"[50, 30, 28]",-231160.0,-2.365589611580601,-0.774803492645242,-1445.74999999969,0.16494845360824742
371,"[48, 30, 28]",-232200.0,-2.372814578283977,-0.7783103256149735,0.0,0.16494845360824742
372,"[44, 30, 28]",-232760.0,-2.3848253223957134,-0.7885635740123048,0.0,0.14285714285714285
373,"[45, 30, 28]",-237960.0,-2.421732132567444,-0.8092930918759723,0.0,0.1326530612244898
374,"[47, 30, 28]",-237520.0,-2.4251173572774314,-0.8052424415375897,0.0,0.13402061855670103
375,"[46, 30, 28]",-239040.0,-2.4359235852020773,-0.8114223220083528,0.0,0.13402061855670103
376,"[43, 30, 28]",-242800.0,-2.4893280031496148,-0.8300710500624312,-6070.999999977795,0.15
377,"[42, 30, 28]",-250680.0,-2.557870083395374,-0.8683194894156963,0.0,0.1188118811881188
378,"[41, 30, 28]",-257520.0,-2.5648276899897002,-0.8761164802910186,0.0,0.11650485436893204
379,"[40, 30, 28]",-263640.0,-2.6095340320647122,-0.8928594906218872,0.0,0.11650485436893204
380,"[55, 30, 29]",-433800.0,-2.717297616658131,-0.9806196527419211,-101.41666666666464,0.12962962962962962
381,"[53, 30, 29]",-433880.0,-2.7245364264362464,-0.9802791820169497,-140.0641025640988,0.12844036697247707
382,"[56, 30, 29]",-434640.0,-2.7248590098227696,-0.98479894570695,-140.30769230768038,0.12037037037037036
383,"[57, 30, 29]",-434760.0,-2.7253837135172465,-0.9867654937952592,-73.45999999999984,0.1111111111111111
384,"[54, 30, 29]",-434360.0,-2.727787268219678,-0.9796307383548071,-94.61206896551776,0.12962962962962962
385,"[52, 30, 29]",-435200.0,-2.733635245150302,-0.9837898965862906,-376.17241379303164,0.13636363636363635
386,"[58, 30, 29]",-436160.0,-2.7346551876673324,-0.9889682287695911,-64.02890173410495,0.12037037037037036
387,"[59, 30, 29]",-436400.0,-2.7363078348784766,-0.9895124152491048,-66.7228915662671,0.12037037037037036
388,"[51, 30, 29]",-437640.0,-2.752396382861897,-0.9895225221567724,-2736.249999999374,0.13636363636363635
389,"[50, 30, 29]",-444480.0,-2.7979210495895535,-1.0081169548175672,-2778.9999999993606,0.12727272727272726
390,"[49, 30, 29]",-444920.0,-2.801817409359934,-1.006944942250473,-2781.7499999993606,0.13636363636363635
391,"[48, 30, 29]",-445520.0,-2.8062356447934858,-1.008582991698656,0.0,0.12844036697247707
392,"[44, 30, 29]",-446080.0,-2.81132569354837,-1.0123389435393122,0.0,0.11009174311926606
393,"[47, 30, 29]",-450840.0,-2.8370965168926947,-1.0285955506051458,0.0,0.10091743119266056
394,"[45, 30, 29]",-451280.0,-2.837552854659403,-1.0294593310066646,0.0,0.10091743119266056
395,"[46, 30, 29]",-452360.0,-2.8445753577627304,-1.0334854353891574,0.0,0.09259259259259259
396,"[43, 30, 29]",-456120.0,-2.8740807600848246,-1.0460756477193844,-11403.999999958094,0.10810810810810811
397,"[42, 30, 29]",-464000.0,-2.9168102138921377,-1.0726105853146322,0.0,0.09009009009009009
398,"[41, 30, 29]",-470840.0,-2.934699479518425,-1.0866022866199456,0.0,0.08928571428571429
399,"[40, 30, 29]",-476960.0,-2.9592871411088866,-1.0978025961261049,0.0,0.08928571428571429
