datetime,price,volume
2024-09-23 09:30:00,4371.4,22
2024-09-23 09:31:00,4376.0,50
2024-09-23 09:32:00,4392.0,35
2024-09-23 09:33:00,4387.2,36
2024-09-23 09:34:00,4391.4,20
2024-09-23 09:35:00,4387.2,30
2024-09-23 09:36:00,4390.6,5
2024-09-23 09:37:00,4409.4,32
2024-09-23 09:38:00,4416.2,31
2024-09-23 09:39:00,4411.8,15
2024-09-23 09:40:00,4416.6,7
2024-09-23 09:41:00,4427.2,9
2024-09-23 09:42:00,4437.6,21
2024-09-23 09:43:00,4443.8,7
2024-09-23 09:44:00,4456.8,9
2024-09-23 09:45:00,4452.2,16
2024-09-23 09:46:00,4450.4,15
2024-09-23 09:47:00,4442.6,14
2024-09-23 09:48:00,4446.0,6
2024-09-23 09:49:00,4441.2,14
2024-09-23 09:50:00,4432.0,14
2024-09-23 09:51:00,4429.6,9
2024-09-23 09:52:00,4423.6,7
2024-09-23 09:53:00,4422.8,7
2024-09-23 09:54:00,4427.8,18
2024-09-23 09:55:00,4424.0,20
2024-09-23 09:56:00,4423.4,12
2024-09-23 09:57:00,4427.6,2
2024-09-23 09:58:00,4437.4,14
2024-09-23 09:59:00,4434.6,8
2024-09-23 10:00:00,4429.2,15
2024-09-23 10:01:00,4422.4,16
2024-09-23 10:02:00,4417.8,15
2024-09-23 10:03:00,4416.4,13
2024-09-23 10:04:00,4409.4,20
2024-09-23 10:05:00,4412.0,1
2024-09-23 10:06:00,4416.2,6
2024-09-23 10:07:00,4415.2,1
2024-09-23 10:08:00,4404.6,11
2024-09-23 10:09:00,4405.8,9
2024-09-23 10:10:00,4406.4,4
2024-09-23 10:11:00,4404.0,6
2024-09-23 10:12:00,4400.6,1
2024-09-23 10:13:00,4398.0,3
2024-09-23 10:14:00,4400.0,1
2024-09-23 10:15:00,4395.6,4
2024-09-23 10:16:00,4398.6,2
2024-09-23 10:17:00,4401.8,3
2024-09-23 10:18:00,4407.2,9
2024-09-23 10:19:00,4411.6,4
2024-09-23 10:20:00,4409.0,4
2024-09-23 10:21:00,4407.2,4
2024-09-23 10:22:00,4407.6,6
2024-09-23 10:23:00,4411.2,7
2024-09-23 10:24:00,4413.8,1
2024-09-23 10:25:00,4411.4,1
2024-09-23 10:26:00,4413.2,1
2024-09-23 10:27:00,4411.2,2
2024-09-23 10:28:00,4409.4,6
2024-09-23 10:29:00,4409.4,0
2024-09-23 10:30:00,4401.0,5
2024-09-23 10:31:00,4403.4,9
2024-09-23 10:32:00,4403.4,0
2024-09-23 10:33:00,4406.0,3
2024-09-23 10:34:00,4406.6,2
2024-09-23 10:35:00,4408.8,1
2024-09-23 10:36:00,4408.6,2
2024-09-23 10:37:00,4410.6,2
2024-09-23 10:38:00,4408.8,17
2024-09-23 10:39:00,4406.0,5
2024-09-23 10:40:00,4404.2,2
2024-09-23 10:41:00,4408.4,1
2024-09-23 10:42:00,4406.4,1
2024-09-23 10:43:00,4409.2,2
2024-09-23 10:44:00,4409.2,0
2024-09-23 10:45:00,4404.0,1
2024-09-23 10:46:00,4405.4,1
2024-09-23 10:47:00,4411.8,1
2024-09-23 10:48:00,4415.6,2
2024-09-23 10:49:00,4407.2,3
2024-09-23 10:50:00,4407.2,0
2024-09-23 10:51:00,4404.8,3
2024-09-23 10:52:00,4407.0,1
2024-09-23 10:53:00,4410.2,4
2024-09-23 10:54:00,4416.2,8
2024-09-23 10:55:00,4414.2,6
2024-09-23 10:56:00,4418.0,13
2024-09-23 10:57:00,4422.2,3
2024-09-23 10:58:00,4422.8,1
2024-09-23 10:59:00,4419.4,5
2024-09-23 11:00:00,4416.0,4
2024-09-23 11:01:00,4420.8,3
2024-09-23 11:02:00,4430.4,7
2024-09-23 11:03:00,4430.2,3
2024-09-23 11:04:00,4427.4,9
2024-09-23 11:05:00,4421.0,9
2024-09-23 11:06:00,4411.2,8
2024-09-23 11:07:00,4413.0,4
2024-09-23 11:08:00,4413.6,1
2024-09-23 11:09:00,4416.2,3
2024-09-23 11:10:00,4416.2,0
2024-09-23 11:11:00,4415.8,2
2024-09-23 11:12:00,4423.6,1
2024-09-23 11:13:00,4423.6,0
2024-09-23 11:14:00,4429.0,6
2024-09-23 11:15:00,4422.4,2
2024-09-23 11:16:00,4418.6,6
2024-09-23 11:17:00,4424.6,1
2024-09-23 11:18:00,4428.4,5
2024-09-23 11:19:00,4428.4,0
2024-09-23 11:20:00,4427.2,1
2024-09-23 11:21:00,4426.8,3
2024-09-23 11:22:00,4426.8,0
2024-09-23 11:23:00,4421.8,2
2024-09-23 11:24:00,4421.8,0
2024-09-23 11:25:00,4421.6,4
2024-09-23 11:26:00,4419.8,2
2024-09-23 11:27:00,4420.0,3
2024-09-23 11:28:00,4424.2,1
2024-09-23 11:29:00,4424.6,5
2024-09-23 11:30:00,4424.6,0
2024-09-23 13:00:00,4420.2,9
2024-09-23 13:01:00,4417.4,2
2024-09-23 13:02:00,4415.8,4
2024-09-23 13:03:00,4415.4,6
2024-09-23 13:04:00,4415.4,0
2024-09-23 13:05:00,4411.0,1
2024-09-23 13:06:00,4410.2,1
2024-09-23 13:07:00,4413.2,2
2024-09-23 13:08:00,4408.0,4
2024-09-23 13:09:00,4407.6,2
2024-09-23 13:10:00,4407.6,0
2024-09-23 13:11:00,4405.8,1
2024-09-23 13:12:00,4408.8,2
2024-09-23 13:13:00,4406.8,2
2024-09-23 13:14:00,4406.8,0
2024-09-23 13:15:00,4406.0,3
2024-09-23 13:16:00,4406.0,2
2024-09-23 13:17:00,4406.0,0
2024-09-23 13:18:00,4406.0,0
2024-09-23 13:19:00,4406.0,0
2024-09-23 13:20:00,4414.6,11
2024-09-23 13:21:00,4413.6,8
2024-09-23 13:22:00,4412.2,3
2024-09-23 13:23:00,4412.2,0
2024-09-23 13:24:00,4412.2,0
2024-09-23 13:25:00,4413.4,1
2024-09-23 13:26:00,4411.0,5
2024-09-23 13:27:00,4411.8,1
2024-09-23 13:28:00,4411.8,0
2024-09-23 13:29:00,4413.0,7
2024-09-23 13:30:00,4413.6,9
2024-09-23 13:31:00,4413.4,7
2024-09-23 13:32:00,4411.6,5
2024-09-23 13:33:00,4409.0,12
2024-09-23 13:34:00,4409.2,2
2024-09-23 13:35:00,4415.4,8
2024-09-23 13:36:00,4411.8,6
2024-09-23 13:37:00,4415.4,5
2024-09-23 13:38:00,4414.4,6
2024-09-23 13:39:00,4413.6,4
2024-09-23 13:40:00,4412.6,10
2024-09-23 13:41:00,4416.8,5
2024-09-23 13:42:00,4413.0,5
2024-09-23 13:43:00,4411.4,1
2024-09-23 13:44:00,4411.4,0
2024-09-23 13:45:00,4411.4,0
2024-09-23 13:46:00,4408.4,7
2024-09-23 13:47:00,4405.6,2
2024-09-23 13:48:00,4403.4,7
2024-09-23 13:49:00,4403.6,5
2024-09-23 13:50:00,4401.8,2
2024-09-23 13:51:00,4402.8,3
2024-09-23 13:52:00,4402.8,0
2024-09-23 13:53:00,4403.6,3
2024-09-23 13:54:00,4401.2,3
2024-09-23 13:55:00,4403.2,3
2024-09-23 13:56:00,4402.6,4
2024-09-23 13:57:00,4404.2,1
2024-09-23 13:58:00,4404.2,2
2024-09-23 13:59:00,4404.0,3
2024-09-23 14:00:00,4404.8,2
2024-09-23 14:01:00,4403.0,1
2024-09-23 14:02:00,4404.2,2
2024-09-23 14:03:00,4404.2,0
2024-09-23 14:04:00,4401.8,4
2024-09-23 14:05:00,4401.8,0
2024-09-23 14:06:00,4400.4,4
2024-09-23 14:07:00,4400.4,0
2024-09-23 14:08:00,4399.0,8
2024-09-23 14:09:00,4399.0,2
2024-09-23 14:10:00,4402.4,4
2024-09-23 14:11:00,4401.8,1
2024-09-23 14:12:00,4401.8,0
2024-09-23 14:13:00,4401.8,0
2024-09-23 14:14:00,4403.4,1
2024-09-23 14:15:00,4402.2,4
2024-09-23 14:16:00,4401.2,2
2024-09-23 14:17:00,4401.0,2
2024-09-23 14:18:00,4401.0,0
2024-09-23 14:19:00,4402.4,1
2024-09-23 14:20:00,4402.4,0
2024-09-23 14:21:00,4403.8,2
2024-09-23 14:22:00,4403.8,0
2024-09-23 14:23:00,4402.4,1
2024-09-23 14:24:00,4402.4,0
2024-09-23 14:25:00,4401.6,2
2024-09-23 14:26:00,4400.6,1
2024-09-23 14:27:00,4401.0,1
2024-09-23 14:28:00,4401.0,0
2024-09-23 14:29:00,4402.2,2
2024-09-23 14:30:00,4406.6,6
2024-09-23 14:31:00,4409.0,1
2024-09-23 14:32:00,4406.0,5
2024-09-23 14:33:00,4405.0,3
2024-09-23 14:34:00,4402.4,7
2024-09-23 14:35:00,4402.0,1
2024-09-23 14:36:00,4399.4,5
2024-09-23 14:37:00,4394.6,4
2024-09-23 14:38:00,4392.0,8
2024-09-23 14:39:00,4394.6,3
2024-09-23 14:40:00,4395.6,13
2024-09-23 14:41:00,4393.6,4
2024-09-23 14:42:00,4394.8,1
2024-09-23 14:43:00,4393.6,1
2024-09-23 14:44:00,4393.8,1
2024-09-23 14:45:00,4397.2,4
2024-09-23 14:46:00,4397.2,0
2024-09-23 14:47:00,4395.6,2
2024-09-23 14:48:00,4395.6,0
2024-09-23 14:49:00,4397.8,3
2024-09-23 14:50:00,4401.0,1
2024-09-23 14:51:00,4399.0,3
2024-09-23 14:52:00,4400.8,6
2024-09-23 14:53:00,4400.8,0
2024-09-23 14:54:00,4399.8,3
2024-09-23 14:55:00,4401.4,18
2024-09-23 14:56:00,4401.4,11
2024-09-23 14:57:00,4400.0,2
2024-09-23 14:58:00,4399.0,20
2024-09-23 14:59:00,4401.8,12
2024-09-23 15:00:00,4401.8,0
2024-09-24 09:30:00,4473.8,143
2024-09-24 09:31:00,4490.0,145
2024-09-24 09:32:00,4502.0,92
2024-09-24 09:33:00,4480.0,104
2024-09-24 09:34:00,4470.8,74
2024-09-24 09:35:00,4472.2,42
2024-09-24 09:36:00,4475.8,44
2024-09-24 09:37:00,4473.4,45
2024-09-24 09:38:00,4467.0,26
2024-09-24 09:39:00,4456.0,23
2024-09-24 09:40:00,4454.2,45
2024-09-24 09:41:00,4450.4,31
2024-09-24 09:42:00,4455.0,8
2024-09-24 09:43:00,4453.0,25
2024-09-24 09:44:00,4457.0,23
2024-09-24 09:45:00,4446.6,26
2024-09-24 09:46:00,4442.0,23
2024-09-24 09:47:00,4438.6,36
2024-09-24 09:48:00,4436.6,15
2024-09-24 09:49:00,4438.2,16
2024-09-24 09:50:00,4440.0,15
2024-09-24 09:51:00,4437.2,5
2024-09-24 09:52:00,4436.6,16
2024-09-24 09:53:00,4435.0,9
2024-09-24 09:54:00,4434.0,6
2024-09-24 09:55:00,4430.0,8
2024-09-24 09:56:00,4435.4,4
2024-09-24 09:57:00,4435.2,29
2024-09-24 09:58:00,4436.8,35
2024-09-24 09:59:00,4430.8,9
2024-09-24 10:00:00,4428.8,27
2024-09-24 10:01:00,4424.2,7
2024-09-24 10:02:00,4420.8,40
2024-09-24 10:03:00,4416.4,19
2024-09-24 10:04:00,4412.2,20
2024-09-24 10:05:00,4414.8,14
2024-09-24 10:06:00,4415.8,7
2024-09-24 10:07:00,4416.0,12
2024-09-24 10:08:00,4415.8,7
2024-09-24 10:09:00,4417.8,10
2024-09-24 10:10:00,4412.2,19
2024-09-24 10:11:00,4416.6,9
2024-09-24 10:12:00,4418.8,14
2024-09-24 10:13:00,4423.0,6
2024-09-24 10:14:00,4420.4,11
2024-09-24 10:15:00,4411.0,13
2024-09-24 10:16:00,4411.4,5
2024-09-24 10:17:00,4412.8,3
2024-09-24 10:18:00,4419.0,14
2024-09-24 10:19:00,4424.2,12
2024-09-24 10:20:00,4416.4,17
2024-09-24 10:21:00,4418.0,21
2024-09-24 10:22:00,4416.8,8
2024-09-24 10:23:00,4420.0,3
2024-09-24 10:24:00,4420.0,0
2024-09-24 10:25:00,4422.0,1
2024-09-24 10:26:00,4415.8,6
2024-09-24 10:27:00,4412.8,6
2024-09-24 10:28:00,4412.8,0
2024-09-24 10:29:00,4413.2,3
2024-09-24 10:30:00,4413.6,11
2024-09-24 10:31:00,4404.6,19
2024-09-24 10:32:00,4410.6,6
2024-09-24 10:33:00,4416.2,9
2024-09-24 10:34:00,4413.6,6
2024-09-24 10:35:00,4413.6,5
2024-09-24 10:36:00,4413.8,17
2024-09-24 10:37:00,4411.4,7
2024-09-24 10:38:00,4410.2,4
2024-09-24 10:39:00,4416.6,10
2024-09-24 10:40:00,4415.0,7
2024-09-24 10:41:00,4419.0,17
2024-09-24 10:42:00,4430.0,21
2024-09-24 10:43:00,4431.0,16
2024-09-24 10:44:00,4429.2,2
2024-09-24 10:45:00,4440.2,20
2024-09-24 10:46:00,4452.6,22
2024-09-24 10:47:00,4457.8,20
2024-09-24 10:48:00,4478.0,57
2024-09-24 10:49:00,4510.0,68
2024-09-24 10:50:00,4488.0,103
2024-09-24 10:51:00,4480.4,24
2024-09-24 10:52:00,4492.0,36
2024-09-24 10:53:00,4474.4,23
2024-09-24 10:54:00,4471.4,35
2024-09-24 10:55:00,4468.6,28
2024-09-24 10:56:00,4468.4,9
2024-09-24 10:57:00,4484.8,38
2024-09-24 10:58:00,4492.8,18
2024-09-24 10:59:00,4485.2,26
2024-09-24 11:00:00,4493.2,38
2024-09-24 11:01:00,4483.2,36
2024-09-24 11:02:00,4483.2,25
2024-09-24 11:03:00,4501.4,52
2024-09-24 11:04:00,4495.8,48
2024-09-24 11:05:00,4494.6,22
2024-09-24 11:06:00,4502.0,46
2024-09-24 11:07:00,4503.6,38
2024-09-24 11:08:00,4506.0,30
2024-09-24 11:09:00,4512.6,20
2024-09-24 11:10:00,4518.0,74
2024-09-24 11:11:00,4520.6,27
2024-09-24 11:12:00,4528.8,37
2024-09-24 11:13:00,4510.2,43
2024-09-24 11:14:00,4506.0,35
2024-09-24 11:15:00,4511.2,15
2024-09-24 11:16:00,4503.2,14
2024-09-24 11:17:00,4518.8,22
2024-09-24 11:18:00,4512.6,25
2024-09-24 11:19:00,4518.0,14
2024-09-24 11:20:00,4521.8,24
2024-09-24 11:21:00,4524.4,19
2024-09-24 11:22:00,4524.2,17
2024-09-24 11:23:00,4535.4,16
2024-09-24 11:24:00,4545.6,31
2024-09-24 11:25:00,4542.6,84
2024-09-24 11:26:00,4538.4,8
2024-09-24 11:27:00,4532.0,32
2024-09-24 11:28:00,4542.4,5
2024-09-24 11:29:00,4546.8,11
2024-09-24 11:30:00,4546.8,0
2024-09-24 13:00:00,4587.0,84
2024-09-24 13:01:00,4586.2,34
2024-09-24 13:02:00,4596.0,56
2024-09-24 13:03:00,4577.0,70
2024-09-24 13:04:00,4577.2,55
2024-09-24 13:05:00,4576.4,28
2024-09-24 13:06:00,4578.8,23
2024-09-24 13:07:00,4579.2,15
2024-09-24 13:08:00,4585.2,19
2024-09-24 13:09:00,4590.4,21
2024-09-24 13:10:00,4581.2,26
2024-09-24 13:11:00,4589.4,5
2024-09-24 13:12:00,4584.0,18
2024-09-24 13:13:00,4585.0,10
2024-09-24 13:14:00,4588.0,22
2024-09-24 13:15:00,4580.0,10
2024-09-24 13:16:00,4573.8,5
2024-09-24 13:17:00,4573.4,8
2024-09-24 13:18:00,4575.4,13
2024-09-24 13:19:00,4564.6,53
2024-09-24 13:20:00,4570.0,8
2024-09-24 13:21:00,4565.8,12
2024-09-24 13:22:00,4561.8,35
2024-09-24 13:23:00,4581.2,10
2024-09-24 13:24:00,4582.6,18
2024-09-24 13:25:00,4575.8,15
2024-09-24 13:26:00,4575.6,16
2024-09-24 13:27:00,4577.4,4
2024-09-24 13:28:00,4582.6,21
2024-09-24 13:29:00,4581.0,18
2024-09-24 13:30:00,4580.2,8
2024-09-24 13:31:00,4580.8,21
2024-09-24 13:32:00,4581.6,8
2024-09-24 13:33:00,4587.4,13
2024-09-24 13:34:00,4586.0,28
2024-09-24 13:35:00,4589.8,1
2024-09-24 13:36:00,4586.6,30
2024-09-24 13:37:00,4588.6,56
2024-09-24 13:38:00,4598.0,116
2024-09-24 13:39:00,4589.4,18
2024-09-24 13:40:00,4581.0,19
2024-09-24 13:41:00,4585.2,13
2024-09-24 13:42:00,4589.6,10
2024-09-24 13:43:00,4586.8,16
2024-09-24 13:44:00,4584.6,16
2024-09-24 13:45:00,4575.8,9
2024-09-24 13:46:00,4581.2,17
2024-09-24 13:47:00,4576.4,4
2024-09-24 13:48:00,4581.2,6
2024-09-24 13:49:00,4584.6,25
2024-09-24 13:50:00,4583.2,5
2024-09-24 13:51:00,4585.8,7
2024-09-24 13:52:00,4589.8,8
2024-09-24 13:53:00,4587.6,6
2024-09-24 13:54:00,4591.2,20
2024-09-24 13:55:00,4589.0,9
2024-09-24 13:56:00,4582.4,2
2024-09-24 13:57:00,4579.4,8
2024-09-24 13:58:00,4582.4,1
2024-09-24 13:59:00,4578.0,1
2024-09-24 14:00:00,4576.2,10
2024-09-24 14:01:00,4579.2,1
2024-09-24 14:02:00,4579.0,1
2024-09-24 14:03:00,4574.0,5
2024-09-24 14:04:00,4571.0,5
2024-09-24 14:05:00,4566.0,7
2024-09-24 14:06:00,4560.0,25
2024-09-24 14:07:00,4559.0,5
2024-09-24 14:08:00,4566.2,5
2024-09-24 14:09:00,4559.4,2
2024-09-24 14:10:00,4570.4,27
2024-09-24 14:11:00,4565.6,15
2024-09-24 14:12:00,4569.8,3
2024-09-24 14:13:00,4567.8,7
2024-09-24 14:14:00,4570.6,1
2024-09-24 14:15:00,4567.4,7
2024-09-24 14:16:00,4568.8,4
2024-09-24 14:17:00,4570.6,8
2024-09-24 14:18:00,4577.4,19
2024-09-24 14:19:00,4576.2,6
2024-09-24 14:20:00,4583.4,30
2024-09-24 14:21:00,4576.0,10
2024-09-24 14:22:00,4573.4,4
2024-09-24 14:23:00,4577.4,4
2024-09-24 14:24:00,4576.6,2
2024-09-24 14:25:00,4579.8,1
2024-09-24 14:26:00,4574.0,4
2024-09-24 14:27:00,4577.2,1
2024-09-24 14:28:00,4580.0,4
2024-09-24 14:29:00,4578.2,15
2024-09-24 14:30:00,4585.0,3
2024-09-24 14:31:00,4585.0,0
2024-09-24 14:32:00,4584.4,4
2024-09-24 14:33:00,4587.8,3
2024-09-24 14:34:00,4592.0,3
2024-09-24 14:35:00,4597.6,6
2024-09-24 14:36:00,4589.4,20
2024-09-24 14:37:00,4596.8,16
2024-09-24 14:38:00,4600.4,23
2024-09-24 14:39:00,4597.6,19
2024-09-24 14:40:00,4597.6,2
2024-09-24 14:41:00,4604.2,20
2024-09-24 14:42:00,4599.2,16
2024-09-24 14:43:00,4596.2,7
2024-09-24 14:44:00,4600.0,8
2024-09-24 14:45:00,4599.2,34
2024-09-24 14:46:00,4598.0,7
2024-09-24 14:47:00,4598.8,2
2024-09-24 14:48:00,4600.0,16
2024-09-24 14:49:00,4601.6,17
2024-09-24 14:50:00,4601.6,46
2024-09-24 14:51:00,4610.0,29
2024-09-24 14:52:00,4609.6,6
2024-09-24 14:53:00,4609.8,13
2024-09-24 14:54:00,4613.2,24
2024-09-24 14:55:00,4614.0,82
2024-09-24 14:56:00,4621.2,26
2024-09-24 14:57:00,4620.6,41
2024-09-24 14:58:00,4622.0,15
2024-09-24 14:59:00,4623.2,26
2024-09-24 15:00:00,4623.2,0
2024-09-25 09:30:00,4695.2,426
2024-09-25 09:31:00,4699.0,203
2024-09-25 09:32:00,4699.2,348
2024-09-25 09:33:00,4666.6,219
2024-09-25 09:34:00,4680.6,88
2024-09-25 09:35:00,4686.0,76
2024-09-25 09:36:00,4690.2,45
2024-09-25 09:37:00,4709.2,128
2024-09-25 09:38:00,4729.0,70
2024-09-25 09:39:00,4739.0,43
2024-09-25 09:40:00,4738.4,34
2024-09-25 09:41:00,4717.4,52
2024-09-25 09:42:00,4720.0,54
2024-09-25 09:43:00,4716.0,39
2024-09-25 09:44:00,4718.8,23
2024-09-25 09:45:00,4692.8,53
2024-09-25 09:46:00,4720.0,49
2024-09-25 09:47:00,4708.2,38
2024-09-25 09:48:00,4705.6,23
2024-09-25 09:49:00,4700.8,17
2024-09-25 09:50:00,4700.4,28
2024-09-25 09:51:00,4703.6,47
2024-09-25 09:52:00,4708.0,10
2024-09-25 09:53:00,4717.4,46
2024-09-25 09:54:00,4718.0,41
2024-09-25 09:55:00,4717.0,22
2024-09-25 09:56:00,4720.8,18
2024-09-25 09:57:00,4729.0,63
2024-09-25 09:58:00,4739.0,33
2024-09-25 09:59:00,4727.8,29
2024-09-25 10:00:00,4726.8,27
2024-09-25 10:01:00,4734.8,20
2024-09-25 10:02:00,4733.0,17
2024-09-25 10:03:00,4740.0,44
2024-09-25 10:04:00,4765.0,33
2024-09-25 10:05:00,4758.0,65
2024-09-25 10:06:00,4755.0,18
2024-09-25 10:07:00,4762.0,52
2024-09-25 10:08:00,4751.6,50
2024-09-25 10:09:00,4758.6,42
2024-09-25 10:10:00,4757.4,43
2024-09-25 10:11:00,4753.0,40
2024-09-25 10:12:00,4742.2,45
2024-09-25 10:13:00,4744.4,61
2024-09-25 10:14:00,4754.4,22
2024-09-25 10:15:00,4760.6,21
2024-09-25 10:16:00,4761.6,10
2024-09-25 10:17:00,4768.8,22
2024-09-25 10:18:00,4762.0,22
2024-09-25 10:19:00,4764.0,22
2024-09-25 10:20:00,4760.0,17
2024-09-25 10:21:00,4751.0,23
2024-09-25 10:22:00,4750.2,10
2024-09-25 10:23:00,4756.6,31
2024-09-25 10:24:00,4754.0,27
2024-09-25 10:25:00,4748.8,11
2024-09-25 10:26:00,4741.6,40
2024-09-25 10:27:00,4744.4,18
2024-09-25 10:28:00,4746.0,13
2024-09-25 10:29:00,4755.0,18
2024-09-25 10:30:00,4739.6,28
2024-09-25 10:31:00,4731.2,22
2024-09-25 10:32:00,4731.2,14
2024-09-25 10:33:00,4725.0,34
2024-09-25 10:34:00,4721.4,27
2024-09-25 10:35:00,4718.4,27
2024-09-25 10:36:00,4732.2,12
2024-09-25 10:37:00,4737.0,14
2024-09-25 10:38:00,4737.2,23
2024-09-25 10:39:00,4736.0,10
2024-09-25 10:40:00,4739.6,13
2024-09-25 10:41:00,4739.2,7
2024-09-25 10:42:00,4748.4,9
2024-09-25 10:43:00,4738.0,5
2024-09-25 10:44:00,4743.0,5
2024-09-25 10:45:00,4739.8,8
2024-09-25 10:46:00,4742.8,9
2024-09-25 10:47:00,4750.0,9
2024-09-25 10:48:00,4751.0,22
2024-09-25 10:49:00,4748.6,7
2024-09-25 10:50:00,4752.4,2
2024-09-25 10:51:00,4751.8,2
2024-09-25 10:52:00,4752.6,8
2024-09-25 10:53:00,4756.2,12
2024-09-25 10:54:00,4764.8,18
2024-09-25 10:55:00,4755.0,14
2024-09-25 10:56:00,4752.0,15
2024-09-25 10:57:00,4758.0,17
2024-09-25 10:58:00,4756.8,5
2024-09-25 10:59:00,4745.4,15
2024-09-25 11:00:00,4738.4,9
2024-09-25 11:01:00,4730.0,25
2024-09-25 11:02:00,4726.2,42
2024-09-25 11:03:00,4727.0,25
2024-09-25 11:04:00,4727.6,30
2024-09-25 11:05:00,4736.6,33
2024-09-25 11:06:00,4736.4,40
2024-09-25 11:07:00,4725.0,18
2024-09-25 11:08:00,4724.6,40
2024-09-25 11:09:00,4720.4,41
2024-09-25 11:10:00,4722.4,36
2024-09-25 11:11:00,4727.2,34
2024-09-25 11:12:00,4723.8,30
2024-09-25 11:13:00,4717.6,29
2024-09-25 11:14:00,4726.4,33
2024-09-25 11:15:00,4715.0,23
2024-09-25 11:16:00,4711.6,37
2024-09-25 11:17:00,4715.6,6
2024-09-25 11:18:00,4720.0,5
2024-09-25 11:19:00,4711.8,14
2024-09-25 11:20:00,4708.0,14
2024-09-25 11:21:00,4708.2,1
2024-09-25 11:22:00,4706.2,16
2024-09-25 11:23:00,4710.8,10
2024-09-25 11:24:00,4720.8,27
2024-09-25 11:25:00,4714.2,11
2024-09-25 11:26:00,4708.8,8
2024-09-25 11:27:00,4708.6,2
2024-09-25 11:28:00,4702.6,2
2024-09-25 11:29:00,4712.2,7
2024-09-25 11:30:00,4712.2,0
2024-09-25 13:00:00,4706.2,45
2024-09-25 13:01:00,4714.0,14
2024-09-25 13:02:00,4711.8,9
2024-09-25 13:03:00,4712.2,5
2024-09-25 13:04:00,4698.8,42
2024-09-25 13:05:00,4698.2,7
2024-09-25 13:06:00,4703.4,7
2024-09-25 13:07:00,4710.6,22
2024-09-25 13:08:00,4712.0,6
2024-09-25 13:09:00,4709.0,16
2024-09-25 13:10:00,4708.8,16
2024-09-25 13:11:00,4706.0,11
2024-09-25 13:12:00,4708.0,9
2024-09-25 13:13:00,4701.8,13
2024-09-25 13:14:00,4694.0,7
2024-09-25 13:15:00,4693.0,9
2024-09-25 13:16:00,4690.4,17
2024-09-25 13:17:00,4690.8,11
2024-09-25 13:18:00,4695.2,4
2024-09-25 13:19:00,4696.2,47
2024-09-25 13:20:00,4687.2,19
2024-09-25 13:21:00,4683.4,38
2024-09-25 13:22:00,4685.0,16
2024-09-25 13:23:00,4686.8,20
2024-09-25 13:24:00,4689.4,7
2024-09-25 13:25:00,4686.8,9
2024-09-25 13:26:00,4683.6,2
2024-09-25 13:27:00,4682.4,5
2024-09-25 13:28:00,4677.2,11
2024-09-25 13:29:00,4684.6,43
2024-09-25 13:30:00,4685.2,39
2024-09-25 13:31:00,4686.4,11
2024-09-25 13:32:00,4686.0,8
2024-09-25 13:33:00,4676.6,21
2024-09-25 13:34:00,4681.4,8
2024-09-25 13:35:00,4674.4,13
2024-09-25 13:36:00,4678.2,18
2024-09-25 13:37:00,4672.0,11
2024-09-25 13:38:00,4666.6,25
2024-09-25 13:39:00,4672.8,48
2024-09-25 13:40:00,4672.8,7
2024-09-25 13:41:00,4670.0,21
2024-09-25 13:42:00,4672.2,13
2024-09-25 13:43:00,4671.0,11
2024-09-25 13:44:00,4666.0,27
2024-09-25 13:45:00,4665.0,55
2024-09-25 13:46:00,4658.8,42
2024-09-25 13:47:00,4659.4,24
2024-09-25 13:48:00,4645.8,67
2024-09-25 13:49:00,4648.8,22
2024-09-25 13:50:00,4644.4,20
2024-09-25 13:51:00,4650.4,19
2024-09-25 13:52:00,4662.0,40
2024-09-25 13:53:00,4663.8,28
2024-09-25 13:54:00,4662.4,11
2024-09-25 13:55:00,4669.8,16
2024-09-25 13:56:00,4675.4,9
2024-09-25 13:57:00,4674.6,66
2024-09-25 13:58:00,4665.4,39
2024-09-25 13:59:00,4662.4,57
2024-09-25 14:00:00,4679.6,27
2024-09-25 14:01:00,4677.8,30
2024-09-25 14:02:00,4682.2,36
2024-09-25 14:03:00,4680.8,42
2024-09-25 14:04:00,4679.4,11
2024-09-25 14:05:00,4678.6,8
2024-09-25 14:06:00,4673.2,42
2024-09-25 14:07:00,4674.8,6
2024-09-25 14:08:00,4661.0,24
2024-09-25 14:09:00,4659.8,35
2024-09-25 14:10:00,4670.0,33
2024-09-25 14:11:00,4678.4,49
2024-09-25 14:12:00,4669.0,15
2024-09-25 14:13:00,4666.0,12
2024-09-25 14:14:00,4665.4,17
2024-09-25 14:15:00,4667.6,6
2024-09-25 14:16:00,4666.4,13
2024-09-25 14:17:00,4670.8,10
2024-09-25 14:18:00,4666.0,10
2024-09-25 14:19:00,4666.2,14
2024-09-25 14:20:00,4661.0,15
2024-09-25 14:21:00,4659.0,16
2024-09-25 14:22:00,4662.4,7
2024-09-25 14:23:00,4664.6,10
2024-09-25 14:24:00,4661.8,13
2024-09-25 14:25:00,4665.4,4
2024-09-25 14:26:00,4660.0,8
2024-09-25 14:27:00,4657.2,12
2024-09-25 14:28:00,4659.2,4
2024-09-25 14:29:00,4656.8,3
2024-09-25 14:30:00,4662.0,51
2024-09-25 14:31:00,4653.8,7
2024-09-25 14:32:00,4640.6,58
2024-09-25 14:33:00,4645.2,31
2024-09-25 14:34:00,4649.6,16
2024-09-25 14:35:00,4648.6,12
2024-09-25 14:36:00,4650.2,6
2024-09-25 14:37:00,4651.2,17
2024-09-25 14:38:00,4655.2,23
2024-09-25 14:39:00,4663.6,29
2024-09-25 14:40:00,4660.2,37
2024-09-25 14:41:00,4661.4,4
2024-09-25 14:42:00,4663.6,10
2024-09-25 14:43:00,4655.8,9
2024-09-25 14:44:00,4659.4,19
2024-09-25 14:45:00,4656.8,15
2024-09-25 14:46:00,4655.4,4
2024-09-25 14:47:00,4651.0,40
2024-09-25 14:48:00,4651.4,33
2024-09-25 14:49:00,4649.2,7
2024-09-25 14:50:00,4651.6,34
2024-09-25 14:51:00,4649.2,40
2024-09-25 14:52:00,4645.4,5
2024-09-25 14:53:00,4643.2,8
2024-09-25 14:54:00,4645.0,12
2024-09-25 14:55:00,4647.4,40
2024-09-25 14:56:00,4647.0,11
2024-09-25 14:57:00,4646.4,27
2024-09-25 14:58:00,4648.4,35
2024-09-25 14:59:00,4648.4,43
2024-09-25 15:00:00,4648.4,0
2024-09-26 09:30:00,4653.0,172
2024-09-26 09:31:00,4664.4,105
2024-09-26 09:32:00,4668.6,89
2024-09-26 09:33:00,4670.6,76
2024-09-26 09:34:00,4672.6,69
2024-09-26 09:35:00,4665.6,70
2024-09-26 09:36:00,4655.0,35
2024-09-26 09:37:00,4647.4,77
2024-09-26 09:38:00,4644.4,52
2024-09-26 09:39:00,4643.6,55
2024-09-26 09:40:00,4652.4,39
2024-09-26 09:41:00,4637.0,22
2024-09-26 09:42:00,4643.2,36
2024-09-26 09:43:00,4642.0,11
2024-09-26 09:44:00,4637.4,26
2024-09-26 09:45:00,4648.0,68
2024-09-26 09:46:00,4653.4,30
2024-09-26 09:47:00,4656.2,29
2024-09-26 09:48:00,4657.4,10
2024-09-26 09:49:00,4671.4,53
2024-09-26 09:50:00,4673.4,63
2024-09-26 09:51:00,4669.0,50
2024-09-26 09:52:00,4670.6,38
2024-09-26 09:53:00,4677.4,34
2024-09-26 09:54:00,4671.6,35
2024-09-26 09:55:00,4680.8,107
2024-09-26 09:56:00,4694.0,83
2024-09-26 09:57:00,4688.6,79
2024-09-26 09:58:00,4687.2,46
2024-09-26 09:59:00,4684.2,89
2024-09-26 10:00:00,4681.8,49
2024-09-26 10:01:00,4683.0,40
2024-09-26 10:02:00,4671.4,43
2024-09-26 10:03:00,4682.0,66
2024-09-26 10:04:00,4680.6,48
2024-09-26 10:05:00,4677.0,24
2024-09-26 10:06:00,4682.6,31
2024-09-26 10:07:00,4685.2,14
2024-09-26 10:08:00,4684.6,28
2024-09-26 10:09:00,4692.0,13
2024-09-26 10:10:00,4698.2,47
2024-09-26 10:11:00,4687.0,58
2024-09-26 10:12:00,4686.4,65
2024-09-26 10:13:00,4690.6,41
2024-09-26 10:14:00,4685.4,29
2024-09-26 10:15:00,4680.2,24
2024-09-26 10:16:00,4683.6,27
2024-09-26 10:17:00,4686.6,19
2024-09-26 10:18:00,4682.8,34
2024-09-26 10:19:00,4683.2,8
2024-09-26 10:20:00,4682.2,7
2024-09-26 10:21:00,4690.4,37
2024-09-26 10:22:00,4691.4,15
2024-09-26 10:23:00,4690.0,21
2024-09-26 10:24:00,4693.4,12
2024-09-26 10:25:00,4696.0,29
2024-09-26 10:26:00,4692.0,11
2024-09-26 10:27:00,4688.2,17
2024-09-26 10:28:00,4699.8,19
2024-09-26 10:29:00,4701.6,26
2024-09-26 10:30:00,4694.0,28
2024-09-26 10:31:00,4690.4,37
2024-09-26 10:32:00,4690.6,16
2024-09-26 10:33:00,4679.6,16
2024-09-26 10:34:00,4682.2,24
2024-09-26 10:35:00,4688.2,24
2024-09-26 10:36:00,4682.0,22
2024-09-26 10:37:00,4687.0,25
2024-09-26 10:38:00,4686.8,6
2024-09-26 10:39:00,4683.2,7
2024-09-26 10:40:00,4675.8,20
2024-09-26 10:41:00,4677.2,18
2024-09-26 10:42:00,4680.4,9
2024-09-26 10:43:00,4677.6,30
2024-09-26 10:44:00,4677.2,7
2024-09-26 10:45:00,4670.4,22
2024-09-26 10:46:00,4671.8,3
2024-09-26 10:47:00,4666.0,32
2024-09-26 10:48:00,4666.6,9
2024-09-26 10:49:00,4661.4,7
2024-09-26 10:50:00,4660.0,12
2024-09-26 10:51:00,4664.8,12
2024-09-26 10:52:00,4665.0,15
2024-09-26 10:53:00,4662.2,13
2024-09-26 10:54:00,4662.0,13
2024-09-26 10:55:00,4668.6,8
2024-09-26 10:56:00,4663.0,2
2024-09-26 10:57:00,4662.2,2
2024-09-26 10:58:00,4658.6,11
2024-09-26 10:59:00,4661.2,7
2024-09-26 11:00:00,4664.8,13
2024-09-26 11:01:00,4666.4,10
2024-09-26 11:02:00,4668.2,4
2024-09-26 11:03:00,4672.6,11
2024-09-26 11:04:00,4671.2,2
2024-09-26 11:05:00,4672.8,2
2024-09-26 11:06:00,4670.6,5
2024-09-26 11:07:00,4666.6,14
2024-09-26 11:08:00,4669.8,9
2024-09-26 11:09:00,4677.0,8
2024-09-26 11:10:00,4679.8,10
2024-09-26 11:11:00,4677.4,1
2024-09-26 11:12:00,4678.4,4
2024-09-26 11:13:00,4676.2,5
2024-09-26 11:14:00,4683.2,11
2024-09-26 11:15:00,4685.4,14
2024-09-26 11:16:00,4690.4,11
2024-09-26 11:17:00,4681.4,12
2024-09-26 11:18:00,4679.2,5
2024-09-26 11:19:00,4684.8,12
2024-09-26 11:20:00,4685.2,9
2024-09-26 11:21:00,4685.4,10
2024-09-26 11:22:00,4688.0,10
2024-09-26 11:23:00,4691.6,28
2024-09-26 11:24:00,4690.4,17
2024-09-26 11:25:00,4687.6,10
2024-09-26 11:26:00,4684.8,3
2024-09-26 11:27:00,4678.0,9
2024-09-26 11:28:00,4675.8,21
2024-09-26 11:29:00,4676.4,11
2024-09-26 11:30:00,4676.4,0
2024-09-26 13:00:00,4687.4,44
2024-09-26 13:01:00,4683.8,31
2024-09-26 13:02:00,4681.2,18
2024-09-26 13:03:00,4688.4,18
2024-09-26 13:04:00,4693.4,14
2024-09-26 13:05:00,4696.4,15
2024-09-26 13:06:00,4699.6,24
2024-09-26 13:07:00,4709.8,36
2024-09-26 13:08:00,4722.0,43
2024-09-26 13:09:00,4720.8,42
2024-09-26 13:10:00,4739.2,91
2024-09-26 13:11:00,4728.6,42
2024-09-26 13:12:00,4737.0,60
2024-09-26 13:13:00,4730.8,50
2024-09-26 13:14:00,4748.2,94
2024-09-26 13:15:00,4731.2,62
2024-09-26 13:16:00,4732.6,52
2024-09-26 13:17:00,4722.0,70
2024-09-26 13:18:00,4728.8,43
2024-09-26 13:19:00,4728.8,25
2024-09-26 13:20:00,4734.6,20
2024-09-26 13:21:00,4732.6,53
2024-09-26 13:22:00,4742.4,28
2024-09-26 13:23:00,4756.2,79
2024-09-26 13:24:00,4769.2,47
2024-09-26 13:25:00,4750.4,49
2024-09-26 13:26:00,4752.0,26
2024-09-26 13:27:00,4753.8,27
2024-09-26 13:28:00,4751.4,29
2024-09-26 13:29:00,4765.0,31
2024-09-26 13:30:00,4755.0,52
2024-09-26 13:31:00,4753.8,20
2024-09-26 13:32:00,4763.8,40
2024-09-26 13:33:00,4774.8,61
2024-09-26 13:34:00,4757.8,66
2024-09-26 13:35:00,4750.4,27
2024-09-26 13:36:00,4748.8,56
2024-09-26 13:37:00,4752.4,24
2024-09-26 13:38:00,4742.0,29
2024-09-26 13:39:00,4750.4,33
2024-09-26 13:40:00,4749.6,15
2024-09-26 13:41:00,4756.0,16
2024-09-26 13:42:00,4764.6,17
2024-09-26 13:43:00,4754.4,19
2024-09-26 13:44:00,4766.2,45
2024-09-26 13:45:00,4765.2,22
2024-09-26 13:46:00,4760.0,23
2024-09-26 13:47:00,4769.6,18
2024-09-26 13:48:00,4771.4,35
2024-09-26 13:49:00,4770.2,33
2024-09-26 13:50:00,4772.0,21
2024-09-26 13:51:00,4760.6,24
2024-09-26 13:52:00,4768.4,17
2024-09-26 13:53:00,4795.0,104
2024-09-26 13:54:00,4787.6,60
2024-09-26 13:55:00,4789.6,69
2024-09-26 13:56:00,4791.2,36
2024-09-26 13:57:00,4789.2,19
2024-09-26 13:58:00,4786.4,9
2024-09-26 13:59:00,4794.0,45
2024-09-26 14:00:00,4789.0,22
2024-09-26 14:01:00,4772.6,24
2024-09-26 14:02:00,4779.2,22
2024-09-26 14:03:00,4786.0,11
2024-09-26 14:04:00,4778.0,9
2024-09-26 14:05:00,4789.8,102
2024-09-26 14:06:00,4782.2,46
2024-09-26 14:07:00,4783.4,17
2024-09-26 14:08:00,4789.6,186
2024-09-26 14:09:00,4786.2,17
2024-09-26 14:10:00,4794.8,79
2024-09-26 14:11:00,4794.6,37
2024-09-26 14:12:00,4803.4,173
2024-09-26 14:13:00,4798.4,72
2024-09-26 14:14:00,4811.0,93
2024-09-26 14:15:00,4824.8,119
2024-09-26 14:16:00,4820.0,81
2024-09-26 14:17:00,4830.8,100
2024-09-26 14:18:00,4828.4,52
2024-09-26 14:19:00,4828.2,58
2024-09-26 14:20:00,4819.4,94
2024-09-26 14:21:00,4832.6,70
2024-09-26 14:22:00,4851.0,47
2024-09-26 14:23:00,4847.2,53
2024-09-26 14:24:00,4851.4,56
2024-09-26 14:25:00,4872.0,98
2024-09-26 14:26:00,4855.6,78
2024-09-26 14:27:00,4854.8,32
2024-09-26 14:28:00,4851.6,27
2024-09-26 14:29:00,4848.4,40
2024-09-26 14:30:00,4831.2,79
2024-09-26 14:31:00,4829.0,43
2024-09-26 14:32:00,4845.8,47
2024-09-26 14:33:00,4832.2,26
2024-09-26 14:34:00,4840.8,34
2024-09-26 14:35:00,4840.2,37
2024-09-26 14:36:00,4851.0,46
2024-09-26 14:37:00,4851.6,23
2024-09-26 14:38:00,4850.2,29
2024-09-26 14:39:00,4860.2,17
2024-09-26 14:40:00,4856.0,28
2024-09-26 14:41:00,4858.6,17
2024-09-26 14:42:00,4857.6,11
2024-09-26 14:43:00,4856.6,28
2024-09-26 14:44:00,4865.8,27
2024-09-26 14:45:00,4864.0,32
2024-09-26 14:46:00,4867.6,28
2024-09-26 14:47:00,4876.6,30
2024-09-26 14:48:00,4878.8,67
2024-09-26 14:49:00,4883.4,36
2024-09-26 14:50:00,4876.8,46
2024-09-26 14:51:00,4874.0,82
2024-09-26 14:52:00,4876.0,63
2024-09-26 14:53:00,4885.6,45
2024-09-26 14:54:00,4884.6,37
2024-09-26 14:55:00,4883.2,51
2024-09-26 14:56:00,4906.2,62
2024-09-26 14:57:00,4893.0,66
2024-09-26 14:58:00,4906.0,56
2024-09-26 14:59:00,4901.8,34
2024-09-26 15:00:00,4901.8,0
2024-09-27 09:30:00,5007.8,374
2024-09-27 09:31:00,4991.4,224
2024-09-27 09:32:00,4959.2,291
2024-09-27 09:33:00,4967.6,107
2024-09-27 09:34:00,4954.6,151
2024-09-27 09:35:00,4935.6,147
2024-09-27 09:36:00,4949.6,94
2024-09-27 09:37:00,4965.4,127
2024-09-27 09:38:00,4992.4,106
2024-09-27 09:39:00,4986.0,228
2024-09-27 09:40:00,4972.2,120
2024-09-27 09:41:00,4967.2,63
2024-09-27 09:42:00,4966.0,58
2024-09-27 09:43:00,4949.4,82
2024-09-27 09:44:00,4943.0,90
2024-09-27 09:45:00,4945.8,141
2024-09-27 09:46:00,4947.0,45
2024-09-27 09:47:00,4959.4,30
2024-09-27 09:48:00,4966.0,57
2024-09-27 09:49:00,4953.2,40
2024-09-27 09:50:00,4969.8,22
2024-09-27 09:51:00,4987.4,94
2024-09-27 09:52:00,5000.8,93
2024-09-27 09:53:00,5001.8,43
2024-09-27 09:54:00,5018.8,62
2024-09-27 09:55:00,5018.8,62
2024-09-27 09:56:00,5036.0,100
2024-09-27 09:57:00,5034.4,75
2024-09-27 09:58:00,5047.8,73
2024-09-27 09:59:00,5027.0,72
2024-09-27 10:00:00,5026.8,62
2024-09-27 10:01:00,5018.2,69
2024-09-27 10:02:00,5033.0,45
2024-09-27 10:03:00,5015.2,66
2024-09-27 10:04:00,5002.8,69
2024-09-27 10:05:00,5010.4,46
2024-09-27 10:06:00,5002.8,52
2024-09-27 10:07:00,5021.0,50
2024-09-27 10:08:00,5033.8,50
2024-09-27 10:09:00,5025.0,36
2024-09-27 10:10:00,5035.2,22
2024-09-27 10:11:00,5027.8,92
2024-09-27 10:12:00,5028.0,59
2024-09-27 10:13:00,5025.6,71
2024-09-27 10:14:00,5032.4,34
2024-09-27 10:15:00,5034.6,16
2024-09-27 10:16:00,5032.4,18
2024-09-27 10:17:00,5033.4,14
2024-09-27 10:18:00,5036.0,16
2024-09-27 10:19:00,5017.0,29
2024-09-27 10:20:00,5024.4,24
2024-09-27 10:21:00,5020.2,18
2024-09-27 10:22:00,5022.6,32
2024-09-27 10:23:00,5023.8,18
2024-09-27 10:24:00,5009.4,31
2024-09-27 10:25:00,5019.8,43
2024-09-27 10:26:00,5016.2,20
2024-09-27 10:27:00,5015.8,15
2024-09-27 10:28:00,5011.8,18
2024-09-27 10:29:00,5006.2,39
2024-09-27 10:30:00,5028.0,46
2024-09-27 10:31:00,5035.4,36
2024-09-27 10:32:00,5038.6,41
2024-09-27 10:33:00,5042.4,33
2024-09-27 10:34:00,5077.8,93
2024-09-27 10:35:00,5075.8,34
2024-09-27 10:36:00,5068.6,53
2024-09-27 10:37:00,5107.2,91
2024-09-27 10:38:00,5106.4,98
2024-09-27 10:39:00,5090.6,51
2024-09-27 10:40:00,5101.0,48
2024-09-27 10:41:00,5111.0,49
2024-09-27 10:42:00,5127.2,38
2024-09-27 10:43:00,5146.2,119
2024-09-27 10:44:00,5123.6,112
2024-09-27 10:45:00,5143.2,75
2024-09-27 10:46:00,5128.0,96
2024-09-27 10:47:00,5143.4,62
2024-09-27 10:48:00,5141.4,31
2024-09-27 10:49:00,5189.4,83
2024-09-27 10:50:00,5175.4,53
2024-09-27 10:51:00,5161.6,75
2024-09-27 10:52:00,5163.0,26
2024-09-27 10:53:00,5105.2,102
2024-09-27 10:54:00,5097.0,106
2024-09-27 10:55:00,5112.6,123
2024-09-27 10:56:00,5123.6,83
2024-09-27 10:57:00,5110.2,69
2024-09-27 10:58:00,5140.6,43
2024-09-27 10:59:00,5145.0,17
2024-09-27 11:00:00,5128.6,21
2024-09-27 11:01:00,5139.2,25
2024-09-27 11:02:00,5144.4,32
2024-09-27 11:03:00,5136.8,17
2024-09-27 11:04:00,5137.4,23
2024-09-27 11:05:00,5150.6,32
2024-09-27 11:06:00,5174.8,40
2024-09-27 11:07:00,5178.0,45
2024-09-27 11:08:00,5159.0,69
2024-09-27 11:09:00,5188.8,52
2024-09-27 11:10:00,5184.8,36
2024-09-27 11:11:00,5182.8,22
2024-09-27 11:12:00,5183.0,24
2024-09-27 11:13:00,5190.0,31
2024-09-27 11:14:00,5146.8,79
2024-09-27 11:15:00,5147.6,61
2024-09-27 11:16:00,5178.8,25
2024-09-27 11:17:00,5156.6,32
2024-09-27 11:18:00,5166.4,11
2024-09-27 11:19:00,5183.8,32
2024-09-27 11:20:00,5187.8,30
2024-09-27 11:21:00,5207.0,33
2024-09-27 11:22:00,5214.4,30
2024-09-27 11:23:00,5219.6,51
2024-09-27 11:24:00,5205.4,34
2024-09-27 11:25:00,5206.0,32
2024-09-27 11:26:00,5219.4,7
2024-09-27 11:27:00,5237.0,19
2024-09-27 11:28:00,5252.0,35
2024-09-27 11:29:00,5278.0,94
2024-09-27 11:30:00,5278.0,12
2024-09-27 13:00:00,5256.4,167
2024-09-27 13:01:00,5304.2,137
2024-09-27 13:02:00,5303.0,67
2024-09-27 13:03:00,5314.6,41
2024-09-27 13:04:00,5314.2,102
2024-09-27 13:05:00,5316.0,59
2024-09-27 13:06:00,5319.4,61
2024-09-27 13:07:00,5320.4,37
2024-09-27 13:08:00,5320.4,5
2024-09-27 13:09:00,5320.4,3
2024-09-27 13:10:00,5320.4,0
2024-09-27 13:11:00,5320.0,89
2024-09-27 13:12:00,5319.6,42
2024-09-27 13:13:00,5307.6,45
2024-09-27 13:14:00,5319.4,60
2024-09-27 13:15:00,5290.8,74
2024-09-27 13:16:00,5275.2,51
2024-09-27 13:17:00,5270.6,73
2024-09-27 13:18:00,5284.4,49
2024-09-27 13:19:00,5246.0,66
2024-09-27 13:20:00,5200.2,93
2024-09-27 13:21:00,5229.0,92
2024-09-27 13:22:00,5227.4,112
2024-09-27 13:23:00,5214.0,54
2024-09-27 13:24:00,5200.2,99
2024-09-27 13:25:00,5223.8,52
2024-09-27 13:26:00,5210.8,31
2024-09-27 13:27:00,5185.0,47
2024-09-27 13:28:00,5198.2,38
2024-09-27 13:29:00,5180.0,29
2024-09-27 13:30:00,5155.6,86
2024-09-27 13:31:00,5168.6,127
2024-09-27 13:32:00,5164.6,53
2024-09-27 13:33:00,5200.0,48
2024-09-27 13:34:00,5174.4,17
2024-09-27 13:35:00,5178.4,36
2024-09-27 13:36:00,5160.0,13
2024-09-27 13:37:00,5166.0,19
2024-09-27 13:38:00,5143.4,58
2024-09-27 13:39:00,5136.4,32
2024-09-27 13:40:00,5120.0,65
2024-09-27 13:41:00,5152.4,98
2024-09-27 13:42:00,5159.0,38
2024-09-27 13:43:00,5176.6,36
2024-09-27 13:44:00,5159.8,32
2024-09-27 13:45:00,5151.8,19
2024-09-27 13:46:00,5172.2,53
2024-09-27 13:47:00,5168.0,59
2024-09-27 13:48:00,5161.4,82
2024-09-27 13:49:00,5152.8,45
2024-09-27 13:50:00,5164.6,28
2024-09-27 13:51:00,5160.0,38
2024-09-27 13:52:00,5157.2,34
2024-09-27 13:53:00,5160.8,38
2024-09-27 13:54:00,5161.4,45
2024-09-27 13:55:00,5163.0,30
2024-09-27 13:56:00,5158.4,26
2024-09-27 13:57:00,5165.8,22
2024-09-27 13:58:00,5186.2,34
2024-09-27 13:59:00,5197.8,41
2024-09-27 14:00:00,5209.4,20
2024-09-27 14:01:00,5207.0,36
2024-09-27 14:02:00,5229.0,22
2024-09-27 14:03:00,5244.2,96
2024-09-27 14:04:00,5217.2,65
2024-09-27 14:05:00,5227.4,41
2024-09-27 14:06:00,5189.0,15
2024-09-27 14:07:00,5193.0,15
2024-09-27 14:08:00,5183.6,6
2024-09-27 14:09:00,5202.8,12
2024-09-27 14:10:00,5212.0,12
2024-09-27 14:11:00,5219.2,6
2024-09-27 14:12:00,5208.2,12
2024-09-27 14:13:00,5208.2,2
2024-09-27 14:14:00,5214.0,8
2024-09-27 14:15:00,5225.0,16
2024-09-27 14:16:00,5215.2,17
2024-09-27 14:17:00,5225.8,16
2024-09-27 14:18:00,5246.4,46
2024-09-27 14:19:00,5235.0,29
2024-09-27 14:20:00,5253.0,35
2024-09-27 14:21:00,5257.8,31
2024-09-27 14:22:00,5274.8,47
2024-09-27 14:23:00,5252.6,43
2024-09-27 14:24:00,5266.0,39
2024-09-27 14:25:00,5252.4,36
2024-09-27 14:26:00,5240.8,32
2024-09-27 14:27:00,5239.8,14
2024-09-27 14:28:00,5262.6,32
2024-09-27 14:29:00,5258.0,32
2024-09-27 14:30:00,5275.0,40
2024-09-27 14:31:00,5279.0,31
2024-09-27 14:32:00,5276.4,44
2024-09-27 14:33:00,5291.4,59
2024-09-27 14:34:00,5294.4,38
2024-09-27 14:35:00,5299.8,41
2024-09-27 14:36:00,5288.4,36
2024-09-27 14:37:00,5297.6,16
2024-09-27 14:38:00,5302.2,8
2024-09-27 14:39:00,5308.4,31
2024-09-27 14:40:00,5305.8,30
2024-09-27 14:41:00,5304.8,72
2024-09-27 14:42:00,5315.0,89
2024-09-27 14:43:00,5318.6,43
2024-09-27 14:44:00,5270.0,29
2024-09-27 14:45:00,5283.2,16
2024-09-27 14:46:00,5260.0,20
2024-09-27 14:47:00,5259.8,49
2024-09-27 14:48:00,5277.4,25
2024-09-27 14:49:00,5292.4,11
2024-09-27 14:50:00,5299.0,9
2024-09-27 14:51:00,5293.8,15
2024-09-27 14:52:00,5308.0,16
2024-09-27 14:53:00,5308.0,10
2024-09-27 14:54:00,5320.0,56
2024-09-27 14:55:00,5319.0,24
2024-09-27 14:56:00,5320.4,52
2024-09-27 14:57:00,5320.4,13
2024-09-27 14:58:00,5320.4,13
2024-09-27 14:59:00,5320.4,7
2024-09-27 15:00:00,5320.4,0
2024-09-30 09:30:00,5614.4,511
2024-09-30 09:31:00,5618.6,402
2024-09-30 09:32:00,5638.0,476
2024-09-30 09:33:00,5634.6,321
2024-09-30 09:34:00,5601.4,343
2024-09-30 09:35:00,5551.2,302
2024-09-30 09:36:00,5578.4,215
2024-09-30 09:37:00,5540.0,134
2024-09-30 09:38:00,5500.0,151
2024-09-30 09:39:00,5481.2,176
2024-09-30 09:40:00,5440.0,242
2024-09-30 09:41:00,5494.4,183
2024-09-30 09:42:00,5479.4,165
2024-09-30 09:43:00,5493.8,110
2024-09-30 09:44:00,5478.2,184
2024-09-30 09:45:00,5468.0,199
2024-09-30 09:46:00,5444.4,155
2024-09-30 09:47:00,5426.8,140
2024-09-30 09:48:00,5455.6,287
2024-09-30 09:49:00,5461.0,217
2024-09-30 09:50:00,5413.6,162
2024-09-30 09:51:00,5393.8,209
2024-09-30 09:52:00,5387.0,127
2024-09-30 09:53:00,5437.2,83
2024-09-30 09:54:00,5473.8,127
2024-09-30 09:55:00,5469.4,85
2024-09-30 09:56:00,5491.4,131
2024-09-30 09:57:00,5470.0,60
2024-09-30 09:58:00,5463.8,42
2024-09-30 09:59:00,5487.6,66
2024-09-30 10:00:00,5446.4,81
2024-09-30 10:01:00,5463.4,74
2024-09-30 10:02:00,5469.4,80
2024-09-30 10:03:00,5498.2,306
2024-09-30 10:04:00,5500.8,137
2024-09-30 10:05:00,5498.8,112
2024-09-30 10:06:00,5486.4,40
2024-09-30 10:07:00,5491.6,31
2024-09-30 10:08:00,5498.4,58
2024-09-30 10:09:00,5488.6,52
2024-09-30 10:10:00,5476.8,41
2024-09-30 10:11:00,5480.6,29
2024-09-30 10:12:00,5485.0,105
2024-09-30 10:13:00,5472.4,100
2024-09-30 10:14:00,5482.6,87
2024-09-30 10:15:00,5483.4,101
2024-09-30 10:16:00,5475.6,73
2024-09-30 10:17:00,5477.2,85
2024-09-30 10:18:00,5511.8,122
2024-09-30 10:19:00,5522.6,146
2024-09-30 10:20:00,5538.2,149
2024-09-30 10:21:00,5538.4,106
2024-09-30 10:22:00,5536.8,109
2024-09-30 10:23:00,5539.2,74
2024-09-30 10:24:00,5543.2,75
2024-09-30 10:25:00,5552.4,70
2024-09-30 10:26:00,5593.6,131
2024-09-30 10:27:00,5587.0,108
2024-09-30 10:28:00,5577.4,145
2024-09-30 10:29:00,5576.0,108
2024-09-30 10:30:00,5578.2,106
2024-09-30 10:31:00,5532.6,114
2024-09-30 10:32:00,5529.8,55
2024-09-30 10:33:00,5541.0,51
2024-09-30 10:34:00,5555.4,37
2024-09-30 10:35:00,5556.2,19
2024-09-30 10:36:00,5558.4,14
2024-09-30 10:37:00,5552.0,22
2024-09-30 10:38:00,5537.4,32
2024-09-30 10:39:00,5547.6,30
2024-09-30 10:40:00,5567.2,15
2024-09-30 10:41:00,5584.8,50
2024-09-30 10:42:00,5589.2,56
2024-09-30 10:43:00,5580.0,32
2024-09-30 10:44:00,5581.2,49
2024-09-30 10:45:00,5584.8,59
2024-09-30 10:46:00,5611.4,83
2024-09-30 10:47:00,5618.4,73
2024-09-30 10:48:00,5611.4,67
2024-09-30 10:49:00,5618.4,45
2024-09-30 10:50:00,5623.6,35
2024-09-30 10:51:00,5618.0,92
2024-09-30 10:52:00,5651.2,121
2024-09-30 10:53:00,5683.4,116
2024-09-30 10:54:00,5671.2,70
2024-09-30 10:55:00,5678.2,108
2024-09-30 10:56:00,5665.6,52
2024-09-30 10:57:00,5698.6,81
2024-09-30 10:58:00,5704.8,73
2024-09-30 10:59:00,5695.8,39
2024-09-30 11:00:00,5706.6,82
2024-09-30 11:01:00,5656.4,79
2024-09-30 11:02:00,5672.2,35
2024-09-30 11:03:00,5662.8,35
2024-09-30 11:04:00,5631.0,86
2024-09-30 11:05:00,5588.4,85
2024-09-30 11:06:00,5606.2,380
2024-09-30 11:07:00,5598.0,65
2024-09-30 11:08:00,5633.2,47
2024-09-30 11:09:00,5648.0,42
2024-09-30 11:10:00,5645.0,36
2024-09-30 11:11:00,5651.4,34
2024-09-30 11:12:00,5641.8,46
2024-09-30 11:13:00,5664.2,37
2024-09-30 11:14:00,5659.0,31
2024-09-30 11:15:00,5672.0,30
2024-09-30 11:16:00,5668.2,50
2024-09-30 11:17:00,5665.4,34
2024-09-30 11:18:00,5693.4,59
2024-09-30 11:19:00,5689.2,69
2024-09-30 11:20:00,5675.6,74
2024-09-30 11:21:00,5697.4,63
2024-09-30 11:22:00,5699.8,38
2024-09-30 11:23:00,5700.0,41
2024-09-30 11:24:00,5701.6,65
2024-09-30 11:25:00,5692.4,56
2024-09-30 11:26:00,5712.0,62
2024-09-30 11:27:00,5713.0,43
2024-09-30 11:28:00,5734.8,41
2024-09-30 11:29:00,5729.0,39
2024-09-30 11:30:00,5729.0,0
2024-09-30 13:00:00,5724.4,138
2024-09-30 13:01:00,5759.4,143
2024-09-30 13:02:00,5737.2,74
2024-09-30 13:03:00,5745.2,83
2024-09-30 13:04:00,5740.0,67
2024-09-30 13:05:00,5749.2,69
2024-09-30 13:06:00,5750.8,43
2024-09-30 13:07:00,5746.2,92
2024-09-30 13:08:00,5768.2,104
2024-09-30 13:09:00,5768.6,81
2024-09-30 13:10:00,5775.0,60
2024-09-30 13:11:00,5747.4,56
2024-09-30 13:12:00,5716.2,96
2024-09-30 13:13:00,5736.8,88
2024-09-30 13:14:00,5707.8,118
2024-09-30 13:15:00,5722.8,74
2024-09-30 13:16:00,5744.2,109
2024-09-30 13:17:00,5738.8,96
2024-09-30 13:18:00,5740.2,97
2024-09-30 13:19:00,5746.6,21
2024-09-30 13:20:00,5743.2,55
2024-09-30 13:21:00,5746.0,53
2024-09-30 13:22:00,5777.8,223
2024-09-30 13:23:00,5777.0,133
2024-09-30 13:24:00,5774.6,110
2024-09-30 13:25:00,5773.0,79
2024-09-30 13:26:00,5779.8,25
2024-09-30 13:27:00,5776.8,34
2024-09-30 13:28:00,5773.8,56
2024-09-30 13:29:00,5776.4,38
2024-09-30 13:30:00,5775.8,41
2024-09-30 13:31:00,5780.6,23
2024-09-30 13:32:00,5782.6,36
2024-09-30 13:33:00,5782.2,26
2024-09-30 13:34:00,5788.0,31
2024-09-30 13:35:00,5795.0,59
2024-09-30 13:36:00,5795.4,85
2024-09-30 13:37:00,5787.6,66
2024-09-30 13:38:00,5791.4,47
2024-09-30 13:39:00,5795.6,35
2024-09-30 13:40:00,5795.6,26
2024-09-30 13:41:00,5795.6,19
2024-09-30 13:42:00,5795.6,5
2024-09-30 13:43:00,5795.6,4
2024-09-30 13:44:00,5795.6,6
2024-09-30 13:45:00,5795.6,26
2024-09-30 13:46:00,5795.6,13
2024-09-30 13:47:00,5795.6,20
2024-09-30 13:48:00,5795.6,2
2024-09-30 13:49:00,5795.6,67
2024-09-30 13:50:00,5795.6,62
2024-09-30 13:51:00,5795.6,44
2024-09-30 13:52:00,5795.6,54
2024-09-30 13:53:00,5795.6,2
2024-09-30 13:54:00,5795.6,9
2024-09-30 13:55:00,5795.6,7
2024-09-30 13:56:00,5795.6,9
2024-09-30 13:57:00,5795.6,7
2024-09-30 13:58:00,5795.6,4
2024-09-30 13:59:00,5795.6,0
2024-09-30 14:00:00,5795.6,3
2024-09-30 14:01:00,5795.6,4
2024-09-30 14:02:00,5795.6,11
2024-09-30 14:03:00,5795.6,5
2024-09-30 14:04:00,5795.6,1
2024-09-30 14:05:00,5795.6,4
2024-09-30 14:06:00,5795.6,2
2024-09-30 14:07:00,5795.6,7
2024-09-30 14:08:00,5795.6,0
2024-09-30 14:09:00,5795.6,0
2024-09-30 14:10:00,5795.6,1
2024-09-30 14:11:00,5795.6,0
2024-09-30 14:12:00,5795.6,0
2024-09-30 14:13:00,5795.6,0
2024-09-30 14:14:00,5795.6,3
2024-09-30 14:15:00,5795.6,1
2024-09-30 14:16:00,5795.6,0
2024-09-30 14:17:00,5795.6,0
2024-09-30 14:18:00,5795.6,1
2024-09-30 14:19:00,5795.6,0
2024-09-30 14:20:00,5795.6,72
2024-09-30 14:21:00,5795.6,27
2024-09-30 14:22:00,5789.4,201
2024-09-30 14:23:00,5770.0,134
2024-09-30 14:24:00,5795.0,50
2024-09-30 14:25:00,5769.6,31
2024-09-30 14:26:00,5776.6,67
2024-09-30 14:27:00,5795.6,77
2024-09-30 14:28:00,5795.6,16
2024-09-30 14:29:00,5795.6,13
2024-09-30 14:30:00,5795.6,16
2024-09-30 14:31:00,5795.6,13
2024-09-30 14:32:00,5795.6,29
2024-09-30 14:33:00,5795.6,14
2024-09-30 14:34:00,5795.6,5
2024-09-30 14:35:00,5795.6,7
2024-09-30 14:36:00,5795.6,5
2024-09-30 14:37:00,5795.6,6
2024-09-30 14:38:00,5795.6,10
2024-09-30 14:39:00,5795.6,10
2024-09-30 14:40:00,5795.6,0
2024-09-30 14:41:00,5795.6,0
2024-09-30 14:42:00,5795.6,0
2024-09-30 14:43:00,5795.6,0
2024-09-30 14:44:00,5795.6,0
2024-09-30 14:45:00,5795.6,4
2024-09-30 14:46:00,5795.6,0
2024-09-30 14:47:00,5795.6,1
2024-09-30 14:48:00,5795.6,0
2024-09-30 14:49:00,5795.6,0
2024-09-30 14:50:00,5795.6,0
2024-09-30 14:51:00,5795.6,0
2024-09-30 14:52:00,5795.6,15
2024-09-30 14:53:00,5795.6,0
2024-09-30 14:54:00,5795.6,0
2024-09-30 14:55:00,5795.6,0
2024-09-30 14:56:00,5795.6,0
2024-09-30 14:57:00,5795.6,0
2024-09-30 14:58:00,5795.6,0
2024-09-30 14:59:00,5795.6,0
2024-09-30 15:00:00,5795.6,0
2024-10-08 09:30:00,6369.0,66
2024-10-08 09:31:00,6369.0,21
2024-10-08 09:32:00,6369.0,39
2024-10-08 09:33:00,6369.0,13
2024-10-08 09:34:00,6369.0,26
2024-10-08 09:35:00,6369.0,29
2024-10-08 09:36:00,6369.0,1
2024-10-08 09:37:00,6369.0,18
2024-10-08 09:38:00,6369.0,142
2024-10-08 09:39:00,6315.8,564
2024-10-08 09:40:00,6369.0,368
2024-10-08 09:41:00,6369.0,90
2024-10-08 09:42:00,6360.0,301
2024-10-08 09:43:00,6369.0,185
2024-10-08 09:44:00,6348.4,236
2024-10-08 09:45:00,6369.0,139
2024-10-08 09:46:00,6369.0,72
2024-10-08 09:47:00,6369.0,6
2024-10-08 09:48:00,6369.0,11
2024-10-08 09:49:00,6369.0,5
2024-10-08 09:50:00,6369.0,4
2024-10-08 09:51:00,6369.0,5
2024-10-08 09:52:00,6369.0,6
2024-10-08 09:53:00,6369.0,10
2024-10-08 09:54:00,6369.0,2
2024-10-08 09:55:00,6369.0,7
2024-10-08 09:56:00,6369.0,1
2024-10-08 09:57:00,6369.0,1
2024-10-08 09:58:00,6369.0,0
2024-10-08 09:59:00,6369.0,1
2024-10-08 10:00:00,6369.0,4
2024-10-08 10:01:00,6369.0,45
2024-10-08 10:02:00,6369.0,49
2024-10-08 10:03:00,6369.0,165
2024-10-08 10:04:00,6354.6,162
2024-10-08 10:05:00,6367.8,130
2024-10-08 10:06:00,6367.4,104
2024-10-08 10:07:00,6360.0,97
2024-10-08 10:08:00,6332.0,141
2024-10-08 10:09:00,6358.8,199
2024-10-08 10:10:00,6358.8,140
2024-10-08 10:11:00,6329.6,138
2024-10-08 10:12:00,6267.4,177
2024-10-08 10:13:00,6249.0,194
2024-10-08 10:14:00,6212.2,279
2024-10-08 10:15:00,6318.6,290
2024-10-08 10:16:00,6320.4,152
2024-10-08 10:17:00,6323.6,209
2024-10-08 10:18:00,6336.2,132
2024-10-08 10:19:00,6348.8,81
2024-10-08 10:20:00,6325.0,148
2024-10-08 10:21:00,6288.4,132
2024-10-08 10:22:00,6309.0,111
2024-10-08 10:23:00,6283.0,198
2024-10-08 10:24:00,6263.8,112
2024-10-08 10:25:00,6253.4,146
2024-10-08 10:26:00,6260.2,255
2024-10-08 10:27:00,6254.0,124
2024-10-08 10:28:00,6223.8,162
2024-10-08 10:29:00,6198.6,232
2024-10-08 10:30:00,6201.0,191
2024-10-08 10:31:00,6191.6,99
2024-10-08 10:32:00,6144.0,159
2024-10-08 10:33:00,6125.8,180
2024-10-08 10:34:00,6133.2,169
2024-10-08 10:35:00,6053.2,263
2024-10-08 10:36:00,5909.4,235
2024-10-08 10:37:00,6021.2,454
2024-10-08 10:38:00,6016.6,226
2024-10-08 10:39:00,6084.8,176
2024-10-08 10:40:00,6126.6,190
2024-10-08 10:41:00,6171.4,140
2024-10-08 10:42:00,6132.4,175
2024-10-08 10:43:00,6180.0,79
2024-10-08 10:44:00,6211.2,133
2024-10-08 10:45:00,6177.8,193
2024-10-08 10:46:00,6154.4,136
2024-10-08 10:47:00,6160.2,84
2024-10-08 10:48:00,6148.6,127
2024-10-08 10:49:00,6150.0,75
2024-10-08 10:50:00,6126.2,88
2024-10-08 10:51:00,6136.6,79
2024-10-08 10:52:00,6166.0,57
2024-10-08 10:53:00,6130.0,63
2024-10-08 10:54:00,6100.0,57
2024-10-08 10:55:00,6134.6,54
2024-10-08 10:56:00,6100.4,66
2024-10-08 10:57:00,6083.0,43
2024-10-08 10:58:00,6082.0,74
2024-10-08 10:59:00,6048.0,91
2024-10-08 11:00:00,6082.8,90
2024-10-08 11:01:00,6134.4,99
2024-10-08 11:02:00,6139.8,91
2024-10-08 11:03:00,6182.4,70
2024-10-08 11:04:00,6176.6,103
2024-10-08 11:05:00,6200.0,83
2024-10-08 11:06:00,6216.8,54
2024-10-08 11:07:00,6224.2,81
2024-10-08 11:08:00,6220.6,80
2024-10-08 11:09:00,6225.0,65
2024-10-08 11:10:00,6183.6,73
2024-10-08 11:11:00,6221.8,55
2024-10-08 11:12:00,6229.6,29
2024-10-08 11:13:00,6230.2,40
2024-10-08 11:14:00,6242.0,57
2024-10-08 11:15:00,6278.0,183
2024-10-08 11:16:00,6324.6,202
2024-10-08 11:17:00,6319.6,115
2024-10-08 11:18:00,6337.0,95
2024-10-08 11:19:00,6295.0,108
2024-10-08 11:20:00,6284.2,91
2024-10-08 11:21:00,6263.6,113
2024-10-08 11:22:00,6271.8,108
2024-10-08 11:23:00,6285.0,35
2024-10-08 11:24:00,6261.4,61
2024-10-08 11:25:00,6274.0,51
2024-10-08 11:26:00,6258.6,97
2024-10-08 11:27:00,6249.4,31
2024-10-08 11:28:00,6275.0,41
2024-10-08 11:29:00,6288.8,24
2024-10-08 11:30:00,6288.8,0
2024-10-08 13:00:00,6278.8,82
2024-10-08 13:01:00,6288.4,75
2024-10-08 13:02:00,6295.8,55
2024-10-08 13:03:00,6294.4,44
2024-10-08 13:04:00,6218.0,102
2024-10-08 13:05:00,6175.4,158
2024-10-08 13:06:00,6203.0,165
2024-10-08 13:07:00,6190.6,121
2024-10-08 13:08:00,6182.8,76
2024-10-08 13:09:00,6160.6,94
2024-10-08 13:10:00,6150.6,63
2024-10-08 13:11:00,6151.0,98
2024-10-08 13:12:00,6153.2,55
2024-10-08 13:13:00,6167.6,56
2024-10-08 13:14:00,6147.2,60
2024-10-08 13:15:00,6167.4,70
2024-10-08 13:16:00,6192.4,104
2024-10-08 13:17:00,6166.6,72
2024-10-08 13:18:00,6156.8,62
2024-10-08 13:19:00,6151.2,33
2024-10-08 13:20:00,6120.6,74
2024-10-08 13:21:00,6120.0,85
2024-10-08 13:22:00,6109.0,66
2024-10-08 13:23:00,6100.0,91
2024-10-08 13:24:00,6077.6,79
2024-10-08 13:25:00,6083.6,115
2024-10-08 13:26:00,6133.0,85
2024-10-08 13:27:00,6098.6,60
2024-10-08 13:28:00,6142.0,80
2024-10-08 13:29:00,6148.6,82
2024-10-08 13:30:00,6156.8,40
2024-10-08 13:31:00,6141.4,38
2024-10-08 13:32:00,6124.4,52
2024-10-08 13:33:00,6097.2,72
2024-10-08 13:34:00,6103.0,96
2024-10-08 13:35:00,6078.8,52
2024-10-08 13:36:00,6103.8,91
2024-10-08 13:37:00,6104.0,19
2024-10-08 13:38:00,6077.0,74
2024-10-08 13:39:00,6061.2,52
2024-10-08 13:40:00,6065.8,83
2024-10-08 13:41:00,6099.0,83
2024-10-08 13:42:00,6116.4,133
2024-10-08 13:43:00,6099.8,58
2024-10-08 13:44:00,6119.0,69
2024-10-08 13:45:00,6090.6,59
2024-10-08 13:46:00,6072.2,35
2024-10-08 13:47:00,6048.8,80
2024-10-08 13:48:00,6048.4,76
2024-10-08 13:49:00,6032.0,82
2024-10-08 13:50:00,6018.8,87
2024-10-08 13:51:00,6025.4,50
2024-10-08 13:52:00,6045.8,98
2024-10-08 13:53:00,6015.2,78
2024-10-08 13:54:00,5990.0,103
2024-10-08 13:55:00,5994.2,75
2024-10-08 13:56:00,6019.6,120
2024-10-08 13:57:00,6047.6,71
2024-10-08 13:58:00,6059.8,48
2024-10-08 13:59:00,6090.2,93
2024-10-08 14:00:00,6098.2,84
2024-10-08 14:01:00,6100.0,96
2024-10-08 14:02:00,6090.2,55
2024-10-08 14:03:00,6100.6,78
2024-10-08 14:04:00,6073.0,57
2024-10-08 14:05:00,6072.2,37
2024-10-08 14:06:00,6072.0,28
2024-10-08 14:07:00,6064.4,53
2024-10-08 14:08:00,6037.0,112
2024-10-08 14:09:00,6037.0,48
2024-10-08 14:10:00,6070.6,54
2024-10-08 14:11:00,6039.6,35
2024-10-08 14:12:00,6058.6,43
2024-10-08 14:13:00,6076.0,45
2024-10-08 14:14:00,6080.0,25
2024-10-08 14:15:00,6072.4,42
2024-10-08 14:16:00,6097.4,39
2024-10-08 14:17:00,6099.8,31
2024-10-08 14:18:00,6089.4,46
2024-10-08 14:19:00,6077.0,49
2024-10-08 14:20:00,6095.0,42
2024-10-08 14:21:00,6098.4,38
2024-10-08 14:22:00,6136.4,87
2024-10-08 14:23:00,6120.0,48
2024-10-08 14:24:00,6136.6,34
2024-10-08 14:25:00,6165.8,55
2024-10-08 14:26:00,6168.6,98
2024-10-08 14:27:00,6190.0,65
2024-10-08 14:28:00,6186.0,88
2024-10-08 14:29:00,6185.6,138
2024-10-08 14:30:00,6184.2,62
2024-10-08 14:31:00,6201.2,70
2024-10-08 14:32:00,6233.8,79
2024-10-08 14:33:00,6238.4,89
2024-10-08 14:34:00,6206.4,73
2024-10-08 14:35:00,6212.6,148
2024-10-08 14:36:00,6218.8,58
2024-10-08 14:37:00,6250.0,103
2024-10-08 14:38:00,6249.6,80
2024-10-08 14:39:00,6262.6,133
2024-10-08 14:40:00,6228.2,63
2024-10-08 14:41:00,6209.8,74
2024-10-08 14:42:00,6205.0,43
2024-10-08 14:43:00,6179.8,69
2024-10-08 14:44:00,6205.0,98
2024-10-08 14:45:00,6217.2,69
2024-10-08 14:46:00,6227.0,68
2024-10-08 14:47:00,6229.8,105
2024-10-08 14:48:00,6226.0,79
2024-10-08 14:49:00,6225.0,68
2024-10-08 14:50:00,6202.0,79
2024-10-08 14:51:00,6201.8,179
2024-10-08 14:52:00,6206.4,79
2024-10-08 14:53:00,6196.6,80
2024-10-08 14:54:00,6192.8,153
2024-10-08 14:55:00,6204.0,77
2024-10-08 14:56:00,6203.0,86
2024-10-08 14:57:00,6217.4,112
2024-10-08 14:58:00,6209.8,59
2024-10-08 14:59:00,6207.6,68
2024-10-08 15:00:00,6207.6,0
2024-10-09 09:30:00,5984.0,650
2024-10-09 09:31:00,5967.8,422
2024-10-09 09:32:00,6020.0,231
2024-10-09 09:33:00,6077.6,368
2024-10-09 09:34:00,6068.8,452
2024-10-09 09:35:00,6105.6,276
2024-10-09 09:36:00,6073.4,215
2024-10-09 09:37:00,6060.2,175
2024-10-09 09:38:00,6028.8,158
2024-10-09 09:39:00,6039.4,174
2024-10-09 09:40:00,6066.4,197
2024-10-09 09:41:00,6048.8,157
2024-10-09 09:42:00,6031.0,113
2024-10-09 09:43:00,6054.8,145
2024-10-09 09:44:00,6044.8,70
2024-10-09 09:45:00,6070.0,98
2024-10-09 09:46:00,6096.8,149
2024-10-09 09:47:00,6096.6,161
2024-10-09 09:48:00,6090.0,82
2024-10-09 09:49:00,6100.6,86
2024-10-09 09:50:00,6107.8,96
2024-10-09 09:51:00,6112.6,97
2024-10-09 09:52:00,6104.0,139
2024-10-09 09:53:00,6077.0,98
2024-10-09 09:54:00,6062.2,100
2024-10-09 09:55:00,6069.2,73
2024-10-09 09:56:00,6057.8,52
2024-10-09 09:57:00,6035.0,94
2024-10-09 09:58:00,6030.0,81
2024-10-09 09:59:00,6025.6,97
2024-10-09 10:00:00,6011.2,158
2024-10-09 10:01:00,6003.8,127
2024-10-09 10:02:00,5968.6,162
2024-10-09 10:03:00,6006.6,114
2024-10-09 10:04:00,6013.0,54
2024-10-09 10:05:00,5978.6,117
2024-10-09 10:06:00,5953.6,136
2024-10-09 10:07:00,5942.2,416
2024-10-09 10:08:00,5962.4,120
2024-10-09 10:09:00,5932.2,137
2024-10-09 10:10:00,5929.0,135
2024-10-09 10:11:00,5973.0,163
2024-10-09 10:12:00,5955.8,84
2024-10-09 10:13:00,5988.0,107
2024-10-09 10:14:00,5981.6,142
2024-10-09 10:15:00,6000.6,176
2024-10-09 10:16:00,5980.4,162
2024-10-09 10:17:00,5993.0,70
2024-10-09 10:18:00,5977.8,176
2024-10-09 10:19:00,5981.0,150
2024-10-09 10:20:00,6003.8,52
2024-10-09 10:21:00,5999.0,89
2024-10-09 10:22:00,5974.4,68
2024-10-09 10:23:00,5965.4,53
2024-10-09 10:24:00,5984.8,30
2024-10-09 10:25:00,5965.6,59
2024-10-09 10:26:00,5961.2,60
2024-10-09 10:27:00,5946.0,70
2024-10-09 10:28:00,5938.4,59
2024-10-09 10:29:00,5953.0,86
2024-10-09 10:30:00,5939.2,68
2024-10-09 10:31:00,5931.6,80
2024-10-09 10:32:00,5919.8,61
2024-10-09 10:33:00,5901.8,101
2024-10-09 10:34:00,5894.6,154
2024-10-09 10:35:00,5903.6,203
2024-10-09 10:36:00,5882.2,148
2024-10-09 10:37:00,5852.6,273
2024-10-09 10:38:00,5847.0,201
2024-10-09 10:39:00,5839.4,313
2024-10-09 10:40:00,5873.0,134
2024-10-09 10:41:00,5873.6,128
2024-10-09 10:42:00,5892.6,125
2024-10-09 10:43:00,5891.6,106
2024-10-09 10:44:00,5917.2,143
2024-10-09 10:45:00,5914.8,81
2024-10-09 10:46:00,5919.6,125
2024-10-09 10:47:00,5887.2,107
2024-10-09 10:48:00,5888.0,50
2024-10-09 10:49:00,5876.2,81
2024-10-09 10:50:00,5907.6,82
2024-10-09 10:51:00,5880.4,123
2024-10-09 10:52:00,5883.0,72
2024-10-09 10:53:00,5857.4,91
2024-10-09 10:54:00,5867.4,56
2024-10-09 10:55:00,5882.8,61
2024-10-09 10:56:00,5858.2,109
2024-10-09 10:57:00,5849.4,109
2024-10-09 10:58:00,5848.4,66
2024-10-09 10:59:00,5845.2,129
2024-10-09 11:00:00,5886.0,138
2024-10-09 11:01:00,5876.0,129
2024-10-09 11:02:00,5849.0,115
2024-10-09 11:03:00,5845.0,71
2024-10-09 11:04:00,5849.8,147
2024-10-09 11:05:00,5836.2,111
2024-10-09 11:06:00,5830.0,111
2024-10-09 11:07:00,5827.0,115
2024-10-09 11:08:00,5814.8,131
2024-10-09 11:09:00,5810.0,87
2024-10-09 11:10:00,5825.4,59
2024-10-09 11:11:00,5814.6,114
2024-10-09 11:12:00,5825.8,70
2024-10-09 11:13:00,5796.0,120
2024-10-09 11:14:00,5783.0,119
2024-10-09 11:15:00,5761.6,97
2024-10-09 11:16:00,5741.6,99
2024-10-09 11:17:00,5724.0,166
2024-10-09 11:18:00,5751.2,127
2024-10-09 11:19:00,5717.2,169
2024-10-09 11:20:00,5685.6,167
2024-10-09 11:21:00,5691.6,150
2024-10-09 11:22:00,5739.0,216
2024-10-09 11:23:00,5759.2,162
2024-10-09 11:24:00,5769.8,71
2024-10-09 11:25:00,5793.0,161
2024-10-09 11:26:00,5780.4,116
2024-10-09 11:27:00,5801.8,128
2024-10-09 11:28:00,5823.0,138
2024-10-09 11:29:00,5845.2,127
2024-10-09 11:30:00,5845.2,0
2024-10-09 13:00:00,5900.0,226
2024-10-09 13:01:00,5910.0,131
2024-10-09 13:02:00,5927.2,94
2024-10-09 13:03:00,5925.0,80
2024-10-09 13:04:00,5968.4,145
2024-10-09 13:05:00,5943.6,152
2024-10-09 13:06:00,5972.6,93
2024-10-09 13:07:00,5939.4,114
2024-10-09 13:08:00,5952.6,100
2024-10-09 13:09:00,5963.4,87
2024-10-09 13:10:00,5954.4,120
2024-10-09 13:11:00,5907.0,226
2024-10-09 13:12:00,5910.0,141
2024-10-09 13:13:00,5931.6,146
2024-10-09 13:14:00,5907.6,107
2024-10-09 13:15:00,5911.0,63
2024-10-09 13:16:00,5944.6,194
2024-10-09 13:17:00,5941.0,160
2024-10-09 13:18:00,5952.4,74
2024-10-09 13:19:00,5950.6,97
2024-10-09 13:20:00,5942.8,75
2024-10-09 13:21:00,5944.8,92
2024-10-09 13:22:00,5952.4,40
2024-10-09 13:23:00,5985.0,86
2024-10-09 13:24:00,5989.0,68
2024-10-09 13:25:00,6003.8,114
2024-10-09 13:26:00,6006.8,191
2024-10-09 13:27:00,6009.2,52
2024-10-09 13:28:00,5982.2,113
2024-10-09 13:29:00,5964.0,59
2024-10-09 13:30:00,5995.6,81
2024-10-09 13:31:00,5992.0,15
2024-10-09 13:32:00,6050.0,263
2024-10-09 13:33:00,6051.0,325
2024-10-09 13:34:00,6075.2,164
2024-10-09 13:35:00,6078.0,115
2024-10-09 13:36:00,6068.0,64
2024-10-09 13:37:00,6097.2,123
2024-10-09 13:38:00,6103.2,161
2024-10-09 13:39:00,6075.2,75
2024-10-09 13:40:00,6040.8,101
2024-10-09 13:41:00,6043.0,97
2024-10-09 13:42:00,6028.6,144
2024-10-09 13:43:00,6036.6,89
2024-10-09 13:44:00,6001.2,153
2024-10-09 13:45:00,5988.0,92
2024-10-09 13:46:00,6014.2,74
2024-10-09 13:47:00,6033.0,68
2024-10-09 13:48:00,6042.4,52
2024-10-09 13:49:00,6000.0,101
2024-10-09 13:50:00,5997.0,75
2024-10-09 13:51:00,5989.2,46
2024-10-09 13:52:00,5970.2,105
2024-10-09 13:53:00,5970.4,66
2024-10-09 13:54:00,5981.6,70
2024-10-09 13:55:00,5953.4,117
2024-10-09 13:56:00,5948.8,56
2024-10-09 13:57:00,5931.2,88
2024-10-09 13:58:00,5950.0,91
2024-10-09 13:59:00,5944.4,47
2024-10-09 14:00:00,5980.2,92
2024-10-09 14:01:00,5960.4,27
2024-10-09 14:02:00,5961.4,19
2024-10-09 14:03:00,5996.0,79
2024-10-09 14:04:00,5950.6,74
2024-10-09 14:05:00,5946.8,27
2024-10-09 14:06:00,5943.2,42
2024-10-09 14:07:00,5917.6,99
2024-10-09 14:08:00,5892.2,106
2024-10-09 14:09:00,5890.8,69
2024-10-09 14:10:00,5920.2,24
2024-10-09 14:11:00,5930.8,29
2024-10-09 14:12:00,5922.0,44
2024-10-09 14:13:00,5910.6,21
2024-10-09 14:14:00,5920.0,20
2024-10-09 14:15:00,5918.6,16
2024-10-09 14:16:00,5894.2,52
2024-10-09 14:17:00,5922.6,55
2024-10-09 14:18:00,5889.0,48
2024-10-09 14:19:00,5878.0,48
2024-10-09 14:20:00,5894.2,35
2024-10-09 14:21:00,5882.8,31
2024-10-09 14:22:00,5877.8,42
2024-10-09 14:23:00,5845.4,77
2024-10-09 14:24:00,5874.0,91
2024-10-09 14:25:00,5898.0,60
2024-10-09 14:26:00,5928.2,70
2024-10-09 14:27:00,5931.6,55
2024-10-09 14:28:00,5910.6,31
2024-10-09 14:29:00,5912.0,46
2024-10-09 14:30:00,5920.0,38
2024-10-09 14:31:00,5886.6,46
2024-10-09 14:32:00,5870.0,49
2024-10-09 14:33:00,5871.8,38
2024-10-09 14:34:00,5842.4,137
2024-10-09 14:35:00,5828.0,105
2024-10-09 14:36:00,5848.8,58
2024-10-09 14:37:00,5811.2,91
2024-10-09 14:38:00,5807.6,101
2024-10-09 14:39:00,5808.0,185
2024-10-09 14:40:00,5831.2,130
2024-10-09 14:41:00,5825.6,78
2024-10-09 14:42:00,5795.8,144
2024-10-09 14:43:00,5779.6,126
2024-10-09 14:44:00,5767.6,106
2024-10-09 14:45:00,5753.4,123
2024-10-09 14:46:00,5737.6,163
2024-10-09 14:47:00,5742.4,183
2024-10-09 14:48:00,5718.0,166
2024-10-09 14:49:00,5740.8,115
2024-10-09 14:50:00,5756.6,213
2024-10-09 14:51:00,5768.0,168
2024-10-09 14:52:00,5758.0,126
2024-10-09 14:53:00,5745.2,66
2024-10-09 14:54:00,5746.4,62
2024-10-09 14:55:00,5730.2,75
2024-10-09 14:56:00,5693.6,109
2024-10-09 14:57:00,5712.8,151
2024-10-09 14:58:00,5719.8,126
2024-10-09 14:59:00,5745.2,198
2024-10-09 15:00:00,5745.2,1
2024-10-10 09:30:00,5888.4,1101
2024-10-10 09:31:00,5851.0,710
2024-10-10 09:32:00,5789.4,470
2024-10-10 09:33:00,5774.8,318
2024-10-10 09:34:00,5754.0,315
2024-10-10 09:35:00,5780.2,345
2024-10-10 09:36:00,5801.2,335
2024-10-10 09:37:00,5784.0,273
2024-10-10 09:38:00,5793.2,114
2024-10-10 09:39:00,5808.6,151
2024-10-10 09:40:00,5847.2,161
2024-10-10 09:41:00,5863.2,176
2024-10-10 09:42:00,5850.0,185
2024-10-10 09:43:00,5872.6,174
2024-10-10 09:44:00,5835.6,130
2024-10-10 09:45:00,5813.4,97
2024-10-10 09:46:00,5815.0,93
2024-10-10 09:47:00,5813.8,75
2024-10-10 09:48:00,5797.2,85
2024-10-10 09:49:00,5805.0,78
2024-10-10 09:50:00,5770.6,123
2024-10-10 09:51:00,5767.6,94
2024-10-10 09:52:00,5752.0,159
2024-10-10 09:53:00,5711.8,381
2024-10-10 09:54:00,5728.4,177
2024-10-10 09:55:00,5682.8,521
2024-10-10 09:56:00,5737.4,188
2024-10-10 09:57:00,5715.8,153
2024-10-10 09:58:00,5715.8,94
2024-10-10 09:59:00,5730.0,136
2024-10-10 10:00:00,5713.4,128
2024-10-10 10:01:00,5730.6,76
2024-10-10 10:02:00,5757.8,91
2024-10-10 10:03:00,5724.0,81
2024-10-10 10:04:00,5733.0,81
2024-10-10 10:05:00,5736.0,68
2024-10-10 10:06:00,5747.4,46
2024-10-10 10:07:00,5710.0,86
2024-10-10 10:08:00,5690.0,236
2024-10-10 10:09:00,5698.0,151
2024-10-10 10:10:00,5673.6,157
2024-10-10 10:11:00,5670.6,197
2024-10-10 10:12:00,5648.6,114
2024-10-10 10:13:00,5644.0,148
2024-10-10 10:14:00,5657.4,119
2024-10-10 10:15:00,5624.0,165
2024-10-10 10:16:00,5622.2,132
2024-10-10 10:17:00,5648.2,119
2024-10-10 10:18:00,5667.8,102
2024-10-10 10:19:00,5653.8,87
2024-10-10 10:20:00,5658.6,94
2024-10-10 10:21:00,5680.0,110
2024-10-10 10:22:00,5702.4,94
2024-10-10 10:23:00,5692.0,76
2024-10-10 10:24:00,5667.2,50
2024-10-10 10:25:00,5659.6,91
2024-10-10 10:26:00,5656.2,71
2024-10-10 10:27:00,5684.8,74
2024-10-10 10:28:00,5692.4,86
2024-10-10 10:29:00,5683.4,76
2024-10-10 10:30:00,5702.2,79
2024-10-10 10:31:00,5717.4,79
2024-10-10 10:32:00,5713.0,45
2024-10-10 10:33:00,5735.2,75
2024-10-10 10:34:00,5741.0,80
2024-10-10 10:35:00,5741.8,172
2024-10-10 10:36:00,5713.8,104
2024-10-10 10:37:00,5741.2,84
2024-10-10 10:38:00,5775.4,122
2024-10-10 10:39:00,5756.4,63
2024-10-10 10:40:00,5740.2,70
2024-10-10 10:41:00,5724.4,27
2024-10-10 10:42:00,5713.8,51
2024-10-10 10:43:00,5713.6,39
2024-10-10 10:44:00,5722.2,24
2024-10-10 10:45:00,5728.4,42
2024-10-10 10:46:00,5717.8,64
2024-10-10 10:47:00,5711.8,70
2024-10-10 10:48:00,5720.2,59
2024-10-10 10:49:00,5732.4,25
2024-10-10 10:50:00,5723.8,26
2024-10-10 10:51:00,5724.2,29
2024-10-10 10:52:00,5760.4,68
2024-10-10 10:53:00,5775.0,129
2024-10-10 10:54:00,5771.0,92
2024-10-10 10:55:00,5780.8,40
2024-10-10 10:56:00,5786.8,77
2024-10-10 10:57:00,5784.6,107
2024-10-10 10:58:00,5808.4,80
2024-10-10 10:59:00,5781.0,66
2024-10-10 11:00:00,5758.6,61
2024-10-10 11:01:00,5761.6,34
2024-10-10 11:02:00,5770.8,41
2024-10-10 11:03:00,5772.2,54
2024-10-10 11:04:00,5800.0,75
2024-10-10 11:05:00,5801.0,102
2024-10-10 11:06:00,5787.4,87
2024-10-10 11:07:00,5802.4,65
2024-10-10 11:08:00,5825.6,61
2024-10-10 11:09:00,5831.2,63
2024-10-10 11:10:00,5850.8,67
2024-10-10 11:11:00,5858.2,108
2024-10-10 11:12:00,5858.4,133
2024-10-10 11:13:00,5830.4,124
2024-10-10 11:14:00,5868.2,132
2024-10-10 11:15:00,5883.8,152
2024-10-10 11:16:00,5885.0,101
2024-10-10 11:17:00,5875.0,33
2024-10-10 11:18:00,5898.6,102
2024-10-10 11:19:00,5903.4,111
2024-10-10 11:20:00,5917.6,111
2024-10-10 11:21:00,5871.8,86
2024-10-10 11:22:00,5854.2,118
2024-10-10 11:23:00,5849.8,112
2024-10-10 11:24:00,5823.6,76
2024-10-10 11:25:00,5843.8,102
2024-10-10 11:26:00,5845.4,80
2024-10-10 11:27:00,5859.2,74
2024-10-10 11:28:00,5839.8,77
2024-10-10 11:29:00,5813.6,84
2024-10-10 11:30:00,5822.4,1
2024-10-10 13:00:00,5847.6,94
2024-10-10 13:01:00,5865.2,85
2024-10-10 13:02:00,5845.4,78
2024-10-10 13:03:00,5848.0,41
2024-10-10 13:04:00,5847.0,34
2024-10-10 13:05:00,5838.0,38
2024-10-10 13:06:00,5809.4,118
2024-10-10 13:07:00,5798.8,67
2024-10-10 13:08:00,5793.0,54
2024-10-10 13:09:00,5786.8,94
2024-10-10 13:10:00,5785.8,74
2024-10-10 13:11:00,5796.6,78
2024-10-10 13:12:00,5770.8,79
2024-10-10 13:13:00,5766.0,42
2024-10-10 13:14:00,5760.6,134
2024-10-10 13:15:00,5766.4,57
2024-10-10 13:16:00,5768.4,74
2024-10-10 13:17:00,5785.0,83
2024-10-10 13:18:00,5781.4,60
2024-10-10 13:19:00,5757.8,53
2024-10-10 13:20:00,5751.0,94
2024-10-10 13:21:00,5750.2,86
2024-10-10 13:22:00,5752.2,98
2024-10-10 13:23:00,5745.2,70
2024-10-10 13:24:00,5758.0,31
2024-10-10 13:25:00,5751.4,36
2024-10-10 13:26:00,5754.2,42
2024-10-10 13:27:00,5786.8,57
2024-10-10 13:28:00,5780.6,55
2024-10-10 13:29:00,5789.0,78
2024-10-10 13:30:00,5771.2,41
2024-10-10 13:31:00,5778.4,34
2024-10-10 13:32:00,5762.0,46
2024-10-10 13:33:00,5759.2,40
2024-10-10 13:34:00,5753.8,21
2024-10-10 13:35:00,5755.8,41
2024-10-10 13:36:00,5756.8,23
2024-10-10 13:37:00,5774.6,24
2024-10-10 13:38:00,5773.8,58
2024-10-10 13:39:00,5773.8,35
2024-10-10 13:40:00,5779.2,26
2024-10-10 13:41:00,5771.0,26
2024-10-10 13:42:00,5800.2,63
2024-10-10 13:43:00,5807.4,48
2024-10-10 13:44:00,5805.8,45
2024-10-10 13:45:00,5814.4,57
2024-10-10 13:46:00,5823.0,89
2024-10-10 13:47:00,5812.6,53
2024-10-10 13:48:00,5812.4,33
2024-10-10 13:49:00,5786.4,59
2024-10-10 13:50:00,5785.0,25
2024-10-10 13:51:00,5783.0,60
2024-10-10 13:52:00,5781.6,29
2024-10-10 13:53:00,5768.4,49
2024-10-10 13:54:00,5758.8,52
2024-10-10 13:55:00,5731.6,93
2024-10-10 13:56:00,5727.4,97
2024-10-10 13:57:00,5739.4,40
2024-10-10 13:58:00,5730.0,32
2024-10-10 13:59:00,5743.8,59
2024-10-10 14:00:00,5739.0,52
2024-10-10 14:01:00,5757.0,39
2024-10-10 14:02:00,5745.6,34
2024-10-10 14:03:00,5721.6,79
2024-10-10 14:04:00,5724.2,25
2024-10-10 14:05:00,5713.6,48
2024-10-10 14:06:00,5710.0,40
2024-10-10 14:07:00,5727.2,34
2024-10-10 14:08:00,5735.2,46
2024-10-10 14:09:00,5738.4,67
2024-10-10 14:10:00,5745.2,20
2024-10-10 14:11:00,5725.8,41
2024-10-10 14:12:00,5722.4,18
2024-10-10 14:13:00,5732.0,44
2024-10-10 14:14:00,5720.8,69
2024-10-10 14:15:00,5714.6,75
2024-10-10 14:16:00,5700.0,42
2024-10-10 14:17:00,5694.8,74
2024-10-10 14:18:00,5679.8,90
2024-10-10 14:19:00,5676.0,91
2024-10-10 14:20:00,5696.0,82
2024-10-10 14:21:00,5696.0,51
2024-10-10 14:22:00,5685.8,47
2024-10-10 14:23:00,5701.2,50
2024-10-10 14:24:00,5698.8,53
2024-10-10 14:25:00,5684.2,54
2024-10-10 14:26:00,5692.4,33
2024-10-10 14:27:00,5676.4,52
2024-10-10 14:28:00,5673.8,56
2024-10-10 14:29:00,5673.0,32
2024-10-10 14:30:00,5700.0,70
2024-10-10 14:31:00,5697.2,56
2024-10-10 14:32:00,5724.8,98
2024-10-10 14:33:00,5730.4,81
2024-10-10 14:34:00,5712.8,57
2024-10-10 14:35:00,5719.2,48
2024-10-10 14:36:00,5690.8,122
2024-10-10 14:37:00,5684.4,129
2024-10-10 14:38:00,5681.8,39
2024-10-10 14:39:00,5685.2,69
2024-10-10 14:40:00,5667.0,69
2024-10-10 14:41:00,5676.8,96
2024-10-10 14:42:00,5675.0,33
2024-10-10 14:43:00,5665.4,55
2024-10-10 14:44:00,5660.0,91
2024-10-10 14:45:00,5664.6,77
2024-10-10 14:46:00,5673.4,75
2024-10-10 14:47:00,5667.2,57
2024-10-10 14:48:00,5672.0,49
2024-10-10 14:49:00,5652.0,78
2024-10-10 14:50:00,5656.8,55
2024-10-10 14:51:00,5645.0,226
2024-10-10 14:52:00,5644.0,83
2024-10-10 14:53:00,5633.6,122
2024-10-10 14:54:00,5631.0,156
2024-10-10 14:55:00,5636.0,240
2024-10-10 14:56:00,5633.4,84
2024-10-10 14:57:00,5633.0,107
2024-10-10 14:58:00,5633.6,111
2024-10-10 14:59:00,5648.0,144
2024-10-10 15:00:00,5648.0,0
2024-10-11 09:30:00,5592.4,421
2024-10-11 09:31:00,5627.6,458
2024-10-11 09:32:00,5575.6,308
2024-10-11 09:33:00,5596.4,155
2024-10-11 09:34:00,5595.4,160
2024-10-11 09:35:00,5600.4,152
2024-10-11 09:36:00,5584.6,136
2024-10-11 09:37:00,5550.8,147
2024-10-11 09:38:00,5566.8,110
2024-10-11 09:39:00,5546.4,174
2024-10-11 09:40:00,5565.2,154
2024-10-11 09:41:00,5559.2,174
2024-10-11 09:42:00,5561.6,65
2024-10-11 09:43:00,5585.2,94
2024-10-11 09:44:00,5575.6,191
2024-10-11 09:45:00,5547.8,121
2024-10-11 09:46:00,5577.0,65
2024-10-11 09:47:00,5596.0,123
2024-10-11 09:48:00,5589.6,102
2024-10-11 09:49:00,5557.6,76
2024-10-11 09:50:00,5543.8,301
2024-10-11 09:51:00,5527.2,166
2024-10-11 09:52:00,5528.6,70
2024-10-11 09:53:00,5523.2,115
2024-10-11 09:54:00,5510.4,178
2024-10-11 09:55:00,5510.2,105
2024-10-11 09:56:00,5505.8,100
2024-10-11 09:57:00,5499.2,80
2024-10-11 09:58:00,5508.2,81
2024-10-11 09:59:00,5505.0,51
2024-10-11 10:00:00,5477.0,124
2024-10-11 10:01:00,5471.6,128
2024-10-11 10:02:00,5471.8,60
2024-10-11 10:03:00,5479.0,93
2024-10-11 10:04:00,5494.6,77
2024-10-11 10:05:00,5483.2,96
2024-10-11 10:06:00,5492.6,70
2024-10-11 10:07:00,5454.4,108
2024-10-11 10:08:00,5449.4,76
2024-10-11 10:09:00,5441.4,88
2024-10-11 10:10:00,5433.6,147
2024-10-11 10:11:00,5440.8,130
2024-10-11 10:12:00,5432.2,45
2024-10-11 10:13:00,5422.0,79
2024-10-11 10:14:00,5441.8,92
2024-10-11 10:15:00,5452.0,79
2024-10-11 10:16:00,5465.2,193
2024-10-11 10:17:00,5445.0,49
2024-10-11 10:18:00,5454.8,49
2024-10-11 10:19:00,5446.4,86
2024-10-11 10:20:00,5462.4,119
2024-10-11 10:21:00,5480.6,136
2024-10-11 10:22:00,5466.0,66
2024-10-11 10:23:00,5482.2,93
2024-10-11 10:24:00,5496.0,132
2024-10-11 10:25:00,5482.4,58
2024-10-11 10:26:00,5489.6,83
2024-10-11 10:27:00,5476.6,79
2024-10-11 10:28:00,5472.0,84
2024-10-11 10:29:00,5466.2,58
2024-10-11 10:30:00,5478.2,89
2024-10-11 10:31:00,5491.8,60
2024-10-11 10:32:00,5492.8,93
2024-10-11 10:33:00,5500.2,91
2024-10-11 10:34:00,5479.4,67
2024-10-11 10:35:00,5487.8,35
2024-10-11 10:36:00,5475.0,25
2024-10-11 10:37:00,5465.6,79
2024-10-11 10:38:00,5455.4,52
2024-10-11 10:39:00,5459.2,25
2024-10-11 10:40:00,5474.2,50
2024-10-11 10:41:00,5448.0,52
2024-10-11 10:42:00,5438.4,53
2024-10-11 10:43:00,5440.8,41
2024-10-11 10:44:00,5452.4,18
2024-10-11 10:45:00,5466.4,43
2024-10-11 10:46:00,5489.6,79
2024-10-11 10:47:00,5479.6,36
2024-10-11 10:48:00,5484.8,27
2024-10-11 10:49:00,5479.2,36
2024-10-11 10:50:00,5488.4,31
2024-10-11 10:51:00,5503.0,39
2024-10-11 10:52:00,5520.4,149
2024-10-11 10:53:00,5518.6,99
2024-10-11 10:54:00,5499.6,62
2024-10-11 10:55:00,5509.2,95
2024-10-11 10:56:00,5528.6,102
2024-10-11 10:57:00,5525.4,126
2024-10-11 10:58:00,5535.8,61
2024-10-11 10:59:00,5542.4,86
2024-10-11 11:00:00,5524.4,108
2024-10-11 11:01:00,5519.0,57
2024-10-11 11:02:00,5528.0,60
2024-10-11 11:03:00,5547.0,41
2024-10-11 11:04:00,5551.6,77
2024-10-11 11:05:00,5529.6,79
2024-10-11 11:06:00,5532.0,55
2024-10-11 11:07:00,5519.0,33
2024-10-11 11:08:00,5508.6,98
2024-10-11 11:09:00,5504.0,26
2024-10-11 11:10:00,5496.2,92
2024-10-11 11:11:00,5508.8,41
2024-10-11 11:12:00,5512.8,65
2024-10-11 11:13:00,5511.0,34
2024-10-11 11:14:00,5518.0,36
2024-10-11 11:15:00,5524.4,78
2024-10-11 11:16:00,5500.0,110
2024-10-11 11:17:00,5514.4,22
2024-10-11 11:18:00,5524.2,40
2024-10-11 11:19:00,5534.6,38
2024-10-11 11:20:00,5553.8,138
2024-10-11 11:21:00,5540.4,82
2024-10-11 11:22:00,5535.2,18
2024-10-11 11:23:00,5528.8,37
2024-10-11 11:24:00,5511.2,32
2024-10-11 11:25:00,5496.0,100
2024-10-11 11:26:00,5492.4,31
2024-10-11 11:27:00,5489.4,34
2024-10-11 11:28:00,5485.2,31
2024-10-11 11:29:00,5485.8,31
2024-10-11 11:30:00,5485.8,0
2024-10-11 13:00:00,5496.4,96
2024-10-11 13:01:00,5471.0,152
2024-10-11 13:02:00,5469.2,36
2024-10-11 13:03:00,5475.4,30
2024-10-11 13:04:00,5455.6,66
2024-10-11 13:05:00,5458.8,50
2024-10-11 13:06:00,5458.6,28
2024-10-11 13:07:00,5467.4,36
2024-10-11 13:08:00,5453.8,38
2024-10-11 13:09:00,5461.6,66
2024-10-11 13:10:00,5460.4,25
2024-10-11 13:11:00,5463.0,19
2024-10-11 13:12:00,5473.4,49
2024-10-11 13:13:00,5470.6,17
2024-10-11 13:14:00,5471.6,10
2024-10-11 13:15:00,5462.2,35
2024-10-11 13:16:00,5484.8,46
2024-10-11 13:17:00,5496.4,53
2024-10-11 13:18:00,5498.6,63
2024-10-11 13:19:00,5488.0,73
2024-10-11 13:20:00,5490.8,46
2024-10-11 13:21:00,5517.8,144
2024-10-11 13:22:00,5533.4,152
2024-10-11 13:23:00,5528.6,97
2024-10-11 13:24:00,5519.6,87
2024-10-11 13:25:00,5525.0,67
2024-10-11 13:26:00,5516.0,114
2024-10-11 13:27:00,5505.0,61
2024-10-11 13:28:00,5499.8,47
2024-10-11 13:29:00,5490.0,35
2024-10-11 13:30:00,5496.6,49
2024-10-11 13:31:00,5491.0,80
2024-10-11 13:32:00,5475.4,33
2024-10-11 13:33:00,5470.4,131
2024-10-11 13:34:00,5475.8,68
2024-10-11 13:35:00,5472.0,81
2024-10-11 13:36:00,5467.6,33
2024-10-11 13:37:00,5476.6,30
2024-10-11 13:38:00,5472.4,15
2024-10-11 13:39:00,5480.8,24
2024-10-11 13:40:00,5482.0,34
2024-10-11 13:41:00,5489.6,14
2024-10-11 13:42:00,5467.0,46
2024-10-11 13:43:00,5464.2,36
2024-10-11 13:44:00,5447.0,73
2024-10-11 13:45:00,5445.6,42
2024-10-11 13:46:00,5449.8,63
2024-10-11 13:47:00,5445.0,29
2024-10-11 13:48:00,5431.6,111
2024-10-11 13:49:00,5419.4,181
2024-10-11 13:50:00,5436.0,72
2024-10-11 13:51:00,5436.8,90
2024-10-11 13:52:00,5433.0,21
2024-10-11 13:53:00,5445.0,77
2024-10-11 13:54:00,5432.2,38
2024-10-11 13:55:00,5430.6,55
2024-10-11 13:56:00,5424.2,32
2024-10-11 13:57:00,5425.0,22
2024-10-11 13:58:00,5416.8,134
2024-10-11 13:59:00,5417.4,64
2024-10-11 14:00:00,5407.2,69
2024-10-11 14:01:00,5425.0,60
2024-10-11 14:02:00,5415.0,105
2024-10-11 14:03:00,5414.8,71
2024-10-11 14:04:00,5403.6,40
2024-10-11 14:05:00,5384.0,154
2024-10-11 14:06:00,5391.8,108
2024-10-11 14:07:00,5382.8,60
2024-10-11 14:08:00,5375.0,103
2024-10-11 14:09:00,5377.0,97
2024-10-11 14:10:00,5391.4,77
2024-10-11 14:11:00,5382.2,75
2024-10-11 14:12:00,5376.2,103
2024-10-11 14:13:00,5371.8,64
2024-10-11 14:14:00,5373.6,41
2024-10-11 14:15:00,5365.0,100
2024-10-11 14:16:00,5374.0,93
2024-10-11 14:17:00,5359.0,189
2024-10-11 14:18:00,5362.0,129
2024-10-11 14:19:00,5378.0,82
2024-10-11 14:20:00,5390.0,79
2024-10-11 14:21:00,5380.0,91
2024-10-11 14:22:00,5382.2,101
2024-10-11 14:23:00,5371.8,125
2024-10-11 14:24:00,5400.0,92
2024-10-11 14:25:00,5397.2,81
2024-10-11 14:26:00,5396.0,79
2024-10-11 14:27:00,5384.6,66
2024-10-11 14:28:00,5380.0,57
2024-10-11 14:29:00,5381.2,77
2024-10-11 14:30:00,5389.0,54
2024-10-11 14:31:00,5365.8,70
2024-10-11 14:32:00,5358.6,56
2024-10-11 14:33:00,5349.4,110
2024-10-11 14:34:00,5344.2,76
2024-10-11 14:35:00,5346.4,85
2024-10-11 14:36:00,5347.8,61
2024-10-11 14:37:00,5337.0,41
2024-10-11 14:38:00,5339.2,34
2024-10-11 14:39:00,5332.6,49
2024-10-11 14:40:00,5335.0,93
2024-10-11 14:41:00,5343.2,95
2024-10-11 14:42:00,5341.4,61
2024-10-11 14:43:00,5338.0,97
2024-10-11 14:44:00,5359.4,133
2024-10-11 14:45:00,5378.6,176
2024-10-11 14:46:00,5394.0,109
2024-10-11 14:47:00,5385.6,99
2024-10-11 14:48:00,5404.6,123
2024-10-11 14:49:00,5410.8,117
2024-10-11 14:50:00,5420.0,106
2024-10-11 14:51:00,5404.0,138
2024-10-11 14:52:00,5411.2,103
2024-10-11 14:53:00,5412.4,39
2024-10-11 14:54:00,5412.6,84
2024-10-11 14:55:00,5403.6,117
2024-10-11 14:56:00,5403.6,53
2024-10-11 14:57:00,5407.6,49
2024-10-11 14:58:00,5402.8,66
2024-10-11 14:59:00,5399.0,72
2024-10-11 15:00:00,5399.0,0
2024-10-14 09:30:00,5390.0,423
2024-10-14 09:31:00,5393.2,374
2024-10-14 09:32:00,5364.2,410
2024-10-14 09:33:00,5383.2,233
2024-10-14 09:34:00,5395.6,181
2024-10-14 09:35:00,5413.0,218
2024-10-14 09:36:00,5419.6,133
2024-10-14 09:37:00,5449.0,199
2024-10-14 09:38:00,5457.0,243
2024-10-14 09:39:00,5442.4,169
2024-10-14 09:40:00,5435.8,204
2024-10-14 09:41:00,5447.2,118
2024-10-14 09:42:00,5423.6,132
2024-10-14 09:43:00,5422.6,178
2024-10-14 09:44:00,5429.6,132
2024-10-14 09:45:00,5439.4,156
2024-10-14 09:46:00,5426.0,110
2024-10-14 09:47:00,5413.8,131
2024-10-14 09:48:00,5417.2,91
2024-10-14 09:49:00,5405.0,109
2024-10-14 09:50:00,5398.4,131
2024-10-14 09:51:00,5396.2,95
2024-10-14 09:52:00,5395.2,181
2024-10-14 09:53:00,5397.2,108
2024-10-14 09:54:00,5382.0,154
2024-10-14 09:55:00,5369.2,118
2024-10-14 09:56:00,5366.0,138
2024-10-14 09:57:00,5356.0,121
2024-10-14 09:58:00,5358.8,92
2024-10-14 09:59:00,5353.2,104
2024-10-14 10:00:00,5351.4,88
2024-10-14 10:01:00,5348.0,114
2024-10-14 10:02:00,5348.6,68
2024-10-14 10:03:00,5359.8,139
2024-10-14 10:04:00,5356.0,62
2024-10-14 10:05:00,5333.6,99
2024-10-14 10:06:00,5317.6,119
2024-10-14 10:07:00,5335.0,120
2024-10-14 10:08:00,5333.6,94
2024-10-14 10:09:00,5339.0,61
2024-10-14 10:10:00,5348.2,82
2024-10-14 10:11:00,5356.8,62
2024-10-14 10:12:00,5356.0,87
2024-10-14 10:13:00,5355.8,63
2024-10-14 10:14:00,5379.0,102
2024-10-14 10:15:00,5382.0,148
2024-10-14 10:16:00,5375.2,104
2024-10-14 10:17:00,5370.0,81
2024-10-14 10:18:00,5364.0,73
2024-10-14 10:19:00,5359.6,109
2024-10-14 10:20:00,5353.0,75
2024-10-14 10:21:00,5355.0,60
2024-10-14 10:22:00,5350.6,68
2024-10-14 10:23:00,5348.8,32
2024-10-14 10:24:00,5346.4,35
2024-10-14 10:25:00,5350.0,23
2024-10-14 10:26:00,5339.4,81
2024-10-14 10:27:00,5341.6,37
2024-10-14 10:28:00,5349.8,65
2024-10-14 10:29:00,5357.4,57
2024-10-14 10:30:00,5369.2,60
2024-10-14 10:31:00,5373.2,62
2024-10-14 10:32:00,5378.0,133
2024-10-14 10:33:00,5377.4,91
2024-10-14 10:34:00,5382.8,69
2024-10-14 10:35:00,5368.6,54
2024-10-14 10:36:00,5366.0,50
2024-10-14 10:37:00,5400.0,110
2024-10-14 10:38:00,5410.6,164
2024-10-14 10:39:00,5407.4,56
2024-10-14 10:40:00,5393.2,73
2024-10-14 10:41:00,5386.6,64
2024-10-14 10:42:00,5388.6,98
2024-10-14 10:43:00,5392.2,47
2024-10-14 10:44:00,5386.8,63
2024-10-14 10:45:00,5404.6,103
2024-10-14 10:46:00,5406.4,94
2024-10-14 10:47:00,5409.4,144
2024-10-14 10:48:00,5401.8,47
2024-10-14 10:49:00,5413.4,34
2024-10-14 10:50:00,5434.2,110
2024-10-14 10:51:00,5420.8,68
2024-10-14 10:52:00,5431.6,85
2024-10-14 10:53:00,5439.0,67
2024-10-14 10:54:00,5467.2,213
2024-10-14 10:55:00,5460.2,96
2024-10-14 10:56:00,5437.2,129
2024-10-14 10:57:00,5430.0,81
2024-10-14 10:58:00,5432.2,65
2024-10-14 10:59:00,5431.6,81
2024-10-14 11:00:00,5446.6,70
2024-10-14 11:01:00,5429.8,72
2024-10-14 11:02:00,5423.2,74
2024-10-14 11:03:00,5437.0,54
2024-10-14 11:04:00,5440.8,60
2024-10-14 11:05:00,5445.2,40
2024-10-14 11:06:00,5445.0,97
2024-10-14 11:07:00,5450.2,60
2024-10-14 11:08:00,5454.2,68
2024-10-14 11:09:00,5452.2,53
2024-10-14 11:10:00,5440.4,64
2024-10-14 11:11:00,5442.0,63
2024-10-14 11:12:00,5480.0,136
2024-10-14 11:13:00,5474.2,134
2024-10-14 11:14:00,5465.0,89
2024-10-14 11:15:00,5445.4,143
2024-10-14 11:16:00,5445.6,39
2024-10-14 11:17:00,5457.0,38
2024-10-14 11:18:00,5459.8,34
2024-10-14 11:19:00,5470.2,64
2024-10-14 11:20:00,5477.6,52
2024-10-14 11:21:00,5475.8,40
2024-10-14 11:22:00,5484.4,77
2024-10-14 11:23:00,5501.0,179
2024-10-14 11:24:00,5505.8,80
2024-10-14 11:25:00,5502.4,76
2024-10-14 11:26:00,5500.0,155
2024-10-14 11:27:00,5518.0,177
2024-10-14 11:28:00,5529.4,221
2024-10-14 11:29:00,5540.4,203
2024-10-14 11:30:00,5540.4,2
2024-10-14 13:00:00,5531.4,311
2024-10-14 13:01:00,5528.4,173
2024-10-14 13:02:00,5534.4,125
2024-10-14 13:03:00,5556.6,277
2024-10-14 13:04:00,5561.4,158
2024-10-14 13:05:00,5544.2,120
2024-10-14 13:06:00,5543.4,86
2024-10-14 13:07:00,5530.8,112
2024-10-14 13:08:00,5531.8,91
2024-10-14 13:09:00,5538.2,74
2024-10-14 13:10:00,5521.0,87
2024-10-14 13:11:00,5524.0,83
2024-10-14 13:12:00,5534.0,107
2024-10-14 13:13:00,5548.6,129
2024-10-14 13:14:00,5541.2,52
2024-10-14 13:15:00,5556.6,157
2024-10-14 13:16:00,5561.4,82
2024-10-14 13:17:00,5549.4,87
2024-10-14 13:18:00,5548.0,84
2024-10-14 13:19:00,5576.0,205
2024-10-14 13:20:00,5584.6,182
2024-10-14 13:21:00,5590.8,126
2024-10-14 13:22:00,5595.0,153
2024-10-14 13:23:00,5599.0,135
2024-10-14 13:24:00,5595.8,166
2024-10-14 13:25:00,5581.6,121
2024-10-14 13:26:00,5589.8,86
2024-10-14 13:27:00,5605.8,183
2024-10-14 13:28:00,5601.0,148
2024-10-14 13:29:00,5599.6,67
2024-10-14 13:30:00,5590.4,88
2024-10-14 13:31:00,5570.4,107
2024-10-14 13:32:00,5565.0,97
2024-10-14 13:33:00,5575.0,87
2024-10-14 13:34:00,5563.2,88
2024-10-14 13:35:00,5571.8,77
2024-10-14 13:36:00,5588.8,66
2024-10-14 13:37:00,5596.2,140
2024-10-14 13:38:00,5585.4,100
2024-10-14 13:39:00,5595.0,56
2024-10-14 13:40:00,5597.4,40
2024-10-14 13:41:00,5552.4,152
2024-10-14 13:42:00,5547.0,138
2024-10-14 13:43:00,5556.0,133
2024-10-14 13:44:00,5559.2,56
2024-10-14 13:45:00,5546.2,73
2024-10-14 13:46:00,5553.2,68
2024-10-14 13:47:00,5540.4,108
2024-10-14 13:48:00,5536.0,117
2024-10-14 13:49:00,5542.4,94
2024-10-14 13:50:00,5541.6,36
2024-10-14 13:51:00,5550.0,63
2024-10-14 13:52:00,5551.4,69
2024-10-14 13:53:00,5565.6,55
2024-10-14 13:54:00,5562.8,45
2024-10-14 13:55:00,5576.0,69
2024-10-14 13:56:00,5563.8,48
2024-10-14 13:57:00,5564.8,27
2024-10-14 13:58:00,5563.8,32
2024-10-14 13:59:00,5589.0,76
2024-10-14 14:00:00,5580.0,102
2024-10-14 14:01:00,5580.4,53
2024-10-14 14:02:00,5585.0,63
2024-10-14 14:03:00,5568.0,54
2024-10-14 14:04:00,5548.0,108
2024-10-14 14:05:00,5552.8,54
2024-10-14 14:06:00,5560.0,70
2024-10-14 14:07:00,5572.0,85
2024-10-14 14:08:00,5570.2,25
2024-10-14 14:09:00,5555.0,56
2024-10-14 14:10:00,5561.0,85
2024-10-14 14:11:00,5539.6,114
2024-10-14 14:12:00,5533.4,91
2024-10-14 14:13:00,5531.4,114
2024-10-14 14:14:00,5538.6,51
2024-10-14 14:15:00,5530.6,68
2024-10-14 14:16:00,5519.0,145
2024-10-14 14:17:00,5519.2,62
2024-10-14 14:18:00,5528.2,63
2024-10-14 14:19:00,5525.8,101
2024-10-14 14:20:00,5543.6,70
2024-10-14 14:21:00,5537.2,68
2024-10-14 14:22:00,5541.6,58
2024-10-14 14:23:00,5536.0,58
2024-10-14 14:24:00,5544.0,87
2024-10-14 14:25:00,5553.0,83
2024-10-14 14:26:00,5566.6,82
2024-10-14 14:27:00,5564.6,76
2024-10-14 14:28:00,5560.2,63
2024-10-14 14:29:00,5556.6,62
2024-10-14 14:30:00,5571.4,124
2024-10-14 14:31:00,5575.0,45
2024-10-14 14:32:00,5574.0,75
2024-10-14 14:33:00,5565.0,39
2024-10-14 14:34:00,5553.0,71
2024-10-14 14:35:00,5562.0,58
2024-10-14 14:36:00,5568.0,52
2024-10-14 14:37:00,5571.8,61
2024-10-14 14:38:00,5575.2,74
2024-10-14 14:39:00,5576.6,62
2024-10-14 14:40:00,5587.2,141
2024-10-14 14:41:00,5591.2,51
2024-10-14 14:42:00,5589.8,93
2024-10-14 14:43:00,5598.6,165
2024-10-14 14:44:00,5602.8,195
2024-10-14 14:45:00,5599.0,154
2024-10-14 14:46:00,5590.6,114
2024-10-14 14:47:00,5590.0,84
2024-10-14 14:48:00,5593.4,79
2024-10-14 14:49:00,5595.0,46
2024-10-14 14:50:00,5592.8,132
2024-10-14 14:51:00,5592.8,71
2024-10-14 14:52:00,5601.2,123
2024-10-14 14:53:00,5599.4,124
2024-10-14 14:54:00,5605.0,153
2024-10-14 14:55:00,5603.8,201
2024-10-14 14:56:00,5601.8,179
2024-10-14 14:57:00,5601.0,86
2024-10-14 14:58:00,5602.6,124
2024-10-14 14:59:00,5598.4,213
2024-10-14 15:00:00,5597.8,1
